pair_id,platform,method,error_px
M300H20T0038,A,ECC,7.803433418273926
M300H20T0038,A,ECC,171.62860107421875
M300H20T0038,A,ECC,142.0936737060547
M300H20T0038,A,ECC,129.11546325683594
M300H20T0038,A,ECC,8.404483795166016
M300H20T0038,A,ECC,322.14556884765625
M300H20T0038,A,ECC,64.2280044555664
M300H20T0038,A,ECC,193.86322021484375
M300H20T0038,A,ECC,77.33128356933594
M300H20T0038,A,ECC,368.2077331542969
M300H20T0038,A,MI,86.2098159790039
M300H20T0038,A,MI,236.97708129882812
M300H20T0038,A,MI,186.90440368652344
M300H20T0038,A,MI,181.056884765625
M300H20T0038,A,MI,86.17831420898438
M300H20T0038,A,MI,333.3476257324219
M300H20T0038,A,MI,150.82562255859375
M300H20T0038,A,MI,238.75637817382812
M300H20T0038,A,MI,162.21005249023438
M300H20T0038,A,MI,349.2413635253906
M300H20T0038,A,LoFTR,1.29546320438385
M300H20T0038,A,LoFTR,173.56777954101562
M300H20T0038,A,LoFTR,140.9988250732422
M300H20T0038,A,LoFTR,128.2393035888672
M300H20T0038,A,LoFTR,1.257205605506897
M300H20T0038,A,LoFTR,330.1995544433594
M300H20T0038,A,LoFTR,64.04767608642578
M300H20T0038,A,LoFTR,193.75653076171875
M300H20T0038,A,LoFTR,76.97454833984375
M300H20T0038,A,LoFTR,372.2810363769531
M300H20T0038,A,ECC+MI,86.2098159790039
M300H20T0038,A,ECC+MI,236.97708129882812
M300H20T0038,A,ECC+MI,186.90440368652344
M300H20T0038,A,ECC+MI,181.056884765625
M300H20T0038,A,ECC+MI,86.17831420898438
M300H20T0038,A,ECC+MI,333.3476257324219
M300H20T0038,A,ECC+MI,150.82562255859375
M300H20T0038,A,ECC+MI,238.75637817382812
M300H20T0038,A,ECC+MI,162.21005249023438
M300H20T0038,A,ECC+MI,349.2413635253906
M300H20T0072,A,ECC,26.76709747314453
M300H20T0072,A,ECC,33.756805419921875
M300H20T0072,A,ECC,25.69599151611328
M300H20T0072,A,ECC,25.90316390991211
M300H20T0072,A,ECC,56.26651382446289
M300H20T0072,A,ECC,269.31622314453125
M300H20T0072,A,ECC,28.324939727783203
M300H20T0072,A,ECC,32.14395523071289
M300H20T0072,A,ECC,26.346290588378906
M300H20T0072,A,ECC,128.1739501953125
M300H20T0072,A,MI,3.7322442531585693
M300H20T0072,A,MI,10.476882934570312
M300H20T0072,A,MI,5.5716423988342285
M300H20T0072,A,MI,40.509788513183594
M300H20T0072,A,MI,48.556396484375
M300H20T0072,A,MI,244.85617065429688
M300H20T0072,A,MI,4.354842662811279
M300H20T0072,A,MI,12.018112182617188
M300H20T0072,A,MI,4.653388500213623
M300H20T0072,A,MI,135.85751342773438
M300H20T0072,A,LoFTR,1.5589655637741089
M300H20T0072,A,LoFTR,8.349231719970703
M300H20T0072,A,LoFTR,0.8766133189201355
M300H20T0072,A,LoFTR,33.60422134399414
M300H20T0072,A,LoFTR,43.09203338623047
M300H20T0072,A,LoFTR,252.34446716308594
M300H20T0072,A,LoFTR,1.4859627485275269
M300H20T0072,A,LoFTR,12.369362831115723
M300H20T0072,A,LoFTR,0.30118319392204285
M300H20T0072,A,LoFTR,131.6299591064453
M300H20T0072,A,ECC+MI,38.17518997192383
M300H20T0072,A,ECC+MI,47.118831634521484
M300H20T0072,A,ECC+MI,37.47880172729492
M300H20T0072,A,ECC+MI,40.15102767944336
M300H20T0072,A,ECC+MI,70.033203125
M300H20T0072,A,ECC+MI,270.2603759765625
M300H20T0072,A,ECC+MI,41.31614303588867
M300H20T0072,A,ECC+MI,46.42872619628906
M300H20T0072,A,ECC+MI,37.83809280395508
M300H20T0072,A,ECC+MI,136.64120483398438
M300H20T0074,A,ECC,17.00921630859375
M300H20T0074,A,ECC,16.154644012451172
M300H20T0074,A,ECC,18.662256240844727
M300H20T0074,A,ECC,64.56729888916016
M300H20T0074,A,ECC,140.48159790039062
M300H20T0074,A,ECC,85.05591583251953
M300H20T0074,A,ECC,17.943809509277344
M300H20T0074,A,ECC,65.50663757324219
M300H20T0074,A,ECC,84.9286117553711
M300H20T0074,A,ECC,390.21905517578125
M300H20T0074,A,MI,5.248506546020508
M300H20T0074,A,MI,6.851221561431885
M300H20T0074,A,MI,5.495067596435547
M300H20T0074,A,MI,79.37667083740234
M300H20T0074,A,MI,151.940673828125
M300H20T0074,A,MI,92.85647583007812
M300H20T0074,A,MI,4.53928804397583
M300H20T0074,A,MI,79.90665435791016
M300H20T0074,A,MI,93.03290557861328
M300H20T0074,A,MI,366.8804931640625
M300H20T0074,A,LoFTR,0.5963858962059021
M300H20T0074,A,LoFTR,0.44813603162765503
M300H20T0074,A,LoFTR,1.9834336042404175
M300H20T0074,A,LoFTR,94.1817626953125
M300H20T0074,A,LoFTR,110.78730773925781
M300H20T0074,A,LoFTR,91.6844253540039
M300H20T0074,A,LoFTR,0.18738669157028198
M300H20T0074,A,LoFTR,94.44358825683594
M300H20T0074,A,LoFTR,91.9551773071289
M300H20T0074,A,LoFTR,446.8213806152344
M300H20T0074,A,ECC+MI,23.82366180419922
M300H20T0074,A,ECC+MI,23.72452735900879
M300H20T0074,A,ECC+MI,25.479787826538086
M300H20T0074,A,ECC+MI,58.93067169189453
M300H20T0074,A,ECC+MI,145.71810913085938
M300H20T0074,A,ECC+MI,74.79508972167969
M300H20T0074,A,ECC+MI,24.687795639038086
M300H20T0074,A,ECC+MI,59.53154373168945
M300H20T0074,A,ECC+MI,74.65565490722656
M300H20T0074,A,ECC+MI,390.3467712402344
M300H20T0120,A,ECC,57.179630279541016
M300H20T0120,A,ECC,54.17998123168945
M300H20T0120,A,ECC,45.75138854980469
M300H20T0120,A,ECC,57.038021087646484
M300H20T0120,A,ECC,48.974365234375
M300H20T0120,A,ECC,55.22528839111328
M300H20T0120,A,ECC,51.07661056518555
M300H20T0120,A,ECC,48.27525329589844
M300H20T0120,A,ECC,50.06718444824219
M300H20T0120,A,ECC,210.9646759033203
M300H20T0120,A,MI,5.42979621887207
M300H20T0120,A,MI,7.54165506362915
M300H20T0120,A,MI,6.191496849060059
M300H20T0120,A,MI,5.314179420471191
M300H20T0120,A,MI,6.6769561767578125
M300H20T0120,A,MI,6.638625621795654
M300H20T0120,A,MI,6.928139686584473
M300H20T0120,A,MI,6.69999361038208
M300H20T0120,A,MI,7.325428485870361
M300H20T0120,A,MI,234.91944885253906
M300H20T0120,A,LoFTR,0.4734838008880615
M300H20T0120,A,LoFTR,1.8588889837265015
M300H20T0120,A,LoFTR,1.0729020833969116
M300H20T0120,A,LoFTR,0.5575241446495056
M300H20T0120,A,LoFTR,0.22124773263931274
M300H20T0120,A,LoFTR,0.6583915948867798
M300H20T0120,A,LoFTR,0.6837561130523682
M300H20T0120,A,LoFTR,0.6623691916465759
M300H20T0120,A,LoFTR,1.008927583694458
M300H20T0120,A,LoFTR,257.2452697753906
M300H20T0120,A,ECC+MI,55.73572540283203
M300H20T0120,A,ECC+MI,52.09941864013672
M300H20T0120,A,ECC+MI,41.55710983276367
M300H20T0120,A,ECC+MI,55.61589431762695
M300H20T0120,A,ECC+MI,45.74264144897461
M300H20T0120,A,ECC+MI,53.282470703125
M300H20T0120,A,ECC+MI,48.29718017578125
M300H20T0120,A,ECC+MI,44.59793472290039
M300H20T0120,A,ECC+MI,46.78863525390625
M300H20T0120,A,ECC+MI,212.97381591796875
M300H20T0234,A,ECC,27.96780776977539
M300H20T0234,A,ECC,29.927907943725586
M300H20T0234,A,ECC,28.909908294677734
M300H20T0234,A,ECC,29.477895736694336
M300H20T0234,A,ECC,27.373754501342773
M300H20T0234,A,ECC,26.100032806396484
M300H20T0234,A,ECC,175.36373901367188
M300H20T0234,A,ECC,47.29325485229492
M300H20T0234,A,ECC,28.04576301574707
M300H20T0234,A,ECC,203.19400024414062
M300H20T0234,A,MI,6.6208815574646
M300H20T0234,A,MI,7.758702754974365
M300H20T0234,A,MI,6.785240173339844
M300H20T0234,A,MI,5.954837799072266
M300H20T0234,A,MI,5.461884498596191
M300H20T0234,A,MI,4.983344078063965
M300H20T0234,A,MI,140.64971923828125
M300H20T0234,A,MI,3.0709731578826904
M300H20T0234,A,MI,5.797191619873047
M300H20T0234,A,MI,169.85279846191406
M300H20T0234,A,LoFTR,0.7496906518936157
M300H20T0234,A,LoFTR,1.6338169574737549
M300H20T0234,A,LoFTR,0.9420782923698425
M300H20T0234,A,LoFTR,0.4688146114349365
M300H20T0234,A,LoFTR,0.10433319211006165
M300H20T0234,A,LoFTR,1.1053025722503662
M300H20T0234,A,LoFTR,141.6753387451172
M300H20T0234,A,LoFTR,0.402457058429718
M300H20T0234,A,LoFTR,0.6975291967391968
M300H20T0234,A,LoFTR,171.00987243652344
M300H20T0234,A,ECC+MI,167.16314697265625
M300H20T0234,A,ECC+MI,169.66773986816406
M300H20T0234,A,ECC+MI,167.77322387695312
M300H20T0234,A,ECC+MI,167.8540802001953
M300H20T0234,A,ECC+MI,164.89183044433594
M300H20T0234,A,ECC+MI,163.90220642089844
M300H20T0234,A,ECC+MI,232.06228637695312
M300H20T0234,A,ECC+MI,174.37745666503906
M300H20T0234,A,ECC+MI,166.12730407714844
M300H20T0234,A,ECC+MI,232.99412536621094
M300H20T0237,A,ECC,1.6302845478057861
M300H20T0237,A,ECC,0.5081045031547546
M300H20T0237,A,ECC,0.6157418489456177
M300H20T0237,A,ECC,0.9314274787902832
M300H20T0237,A,ECC,1.033918023109436
M300H20T0237,A,ECC,1.2833157777786255
M300H20T0237,A,ECC,1.7368875741958618
M300H20T0237,A,ECC,0.6937279105186462
M300H20T0237,A,ECC,0.3434276878833771
M300H20T0237,A,ECC,2.224073886871338
M300H20T0237,A,MI,9.952670097351074
M300H20T0237,A,MI,11.333439826965332
M300H20T0237,A,MI,10.751782417297363
M300H20T0237,A,MI,10.649795532226562
M300H20T0237,A,MI,10.969825744628906
M300H20T0237,A,MI,10.158417701721191
M300H20T0237,A,MI,9.636893272399902
M300H20T0237,A,MI,10.778437614440918
M300H20T0237,A,MI,11.297611236572266
M300H20T0237,A,MI,9.571240425109863
M300H20T0237,A,LoFTR,0.7944658398628235
M300H20T0237,A,LoFTR,0.5895956158638
M300H20T0237,A,LoFTR,0.6770927309989929
M300H20T0237,A,LoFTR,0.49527713656425476
M300H20T0237,A,LoFTR,0.7476087212562561
M300H20T0237,A,LoFTR,0.49373695254325867
M300H20T0237,A,LoFTR,0.6948122382164001
M300H20T0237,A,LoFTR,0.9176440238952637
M300H20T0237,A,LoFTR,0.7606461644172668
M300H20T0237,A,LoFTR,0.9687206149101257
M300H20T0237,A,ECC+MI,9.952670097351074
M300H20T0237,A,ECC+MI,11.333439826965332
M300H20T0237,A,ECC+MI,10.751782417297363
M300H20T0237,A,ECC+MI,10.649795532226562
M300H20T0237,A,ECC+MI,10.969825744628906
M300H20T0237,A,ECC+MI,10.158417701721191
M300H20T0237,A,ECC+MI,9.636893272399902
M300H20T0237,A,ECC+MI,10.778437614440918
M300H20T0237,A,ECC+MI,11.297611236572266
M300H20T0237,A,ECC+MI,9.571240425109863
M300H20T0348,A,ECC,4.177732944488525
M300H20T0348,A,ECC,5.103916645050049
M300H20T0348,A,ECC,6.848318576812744
M300H20T0348,A,ECC,7.808119773864746
M300H20T0348,A,ECC,6.171370029449463
M300H20T0348,A,ECC,8.047599792480469
M300H20T0348,A,ECC,6.187999725341797
M300H20T0348,A,ECC,6.753732204437256
M300H20T0348,A,ECC,3.890805721282959
M300H20T0348,A,ECC,7.167799949645996
M300H20T0348,A,MI,7.471376895904541
M300H20T0348,A,MI,7.66328763961792
M300H20T0348,A,MI,5.272098541259766
M300H20T0348,A,MI,5.112824440002441
M300H20T0348,A,MI,6.320517063140869
M300H20T0348,A,MI,5.114329814910889
M300H20T0348,A,MI,5.805109024047852
M300H20T0348,A,MI,5.1229166984558105
M300H20T0348,A,MI,5.163540363311768
M300H20T0348,A,MI,5.285310745239258
M300H20T0348,A,LoFTR,2.0093328952789307
M300H20T0348,A,LoFTR,1.7961071729660034
M300H20T0348,A,LoFTR,1.3891628980636597
M300H20T0348,A,LoFTR,0.896452009677887
M300H20T0348,A,LoFTR,0.8204253315925598
M300H20T0348,A,LoFTR,0.7386854290962219
M300H20T0348,A,LoFTR,1.1516635417938232
M300H20T0348,A,LoFTR,1.673988938331604
M300H20T0348,A,LoFTR,1.0330157279968262
M300H20T0348,A,LoFTR,1.2199485301971436
M300H20T0348,A,ECC+MI,4.431271076202393
M300H20T0348,A,ECC+MI,4.356071949005127
M300H20T0348,A,ECC+MI,3.66129994392395
M300H20T0348,A,ECC+MI,3.4009225368499756
M300H20T0348,A,ECC+MI,3.465266704559326
M300H20T0348,A,ECC+MI,4.106602668762207
M300H20T0348,A,ECC+MI,3.4491264820098877
M300H20T0348,A,ECC+MI,4.099355697631836
M300H20T0348,A,ECC+MI,3.2232697010040283
M300H20T0348,A,ECC+MI,3.2988483905792236
M300H20T0354,A,ECC,0.9666374325752258
M300H20T0354,A,ECC,1.155889868736267
M300H20T0354,A,ECC,1.1296446323394775
M300H20T0354,A,ECC,1.696251630783081
M300H20T0354,A,ECC,1.7201464176177979
M300H20T0354,A,ECC,0.4765898287296295
M300H20T0354,A,ECC,1.0361381769180298
M300H20T0354,A,ECC,274.9530334472656
M300H20T0354,A,ECC,2.276172637939453
M300H20T0354,A,ECC,1.4122953414916992
M300H20T0354,A,MI,11.573946952819824
M300H20T0354,A,MI,11.671680450439453
M300H20T0354,A,MI,12.100160598754883
M300H20T0354,A,MI,12.706613540649414
M300H20T0354,A,MI,11.461787223815918
M300H20T0354,A,MI,10.808910369873047
M300H20T0354,A,MI,9.997421264648438
M300H20T0354,A,MI,281.97802734375
M300H20T0354,A,MI,12.254067420959473
M300H20T0354,A,MI,12.034272193908691
M300H20T0354,A,LoFTR,0.4183797538280487
M300H20T0354,A,LoFTR,0.18710355460643768
M300H20T0354,A,LoFTR,0.5257143974304199
M300H20T0354,A,LoFTR,1.4059494733810425
M300H20T0354,A,LoFTR,1.1918991804122925
M300H20T0354,A,LoFTR,0.995146632194519
M300H20T0354,A,LoFTR,1.7069878578186035
M300H20T0354,A,LoFTR,274.0821533203125
M300H20T0354,A,LoFTR,1.5113965272903442
M300H20T0354,A,LoFTR,0.523746132850647
M300H20T0354,A,ECC+MI,11.573946952819824
M300H20T0354,A,ECC+MI,11.671680450439453
M300H20T0354,A,ECC+MI,12.100160598754883
M300H20T0354,A,ECC+MI,12.706613540649414
M300H20T0354,A,ECC+MI,11.461787223815918
M300H20T0354,A,ECC+MI,10.808910369873047
M300H20T0354,A,ECC+MI,9.997421264648438
M300H20T0354,A,ECC+MI,281.97802734375
M300H20T0354,A,ECC+MI,12.254067420959473
M300H20T0354,A,ECC+MI,12.034272193908691
M300H20T0528,A,ECC,63.96580505371094
M300H20T0528,A,ECC,64.02677154541016
M300H20T0528,A,ECC,272.1490173339844
M300H20T0528,A,ECC,7.6437859535217285
M300H20T0528,A,ECC,2.2052955627441406
M300H20T0528,A,ECC,159.5247039794922
M300H20T0528,A,ECC,2.443690061569214
M300H20T0528,A,ECC,8.369627952575684
M300H20T0528,A,ECC,0.2734515368938446
M300H20T0528,A,ECC,11.616674423217773
M300H20T0528,A,MI,83.22122955322266
M300H20T0528,A,MI,83.18301391601562
M300H20T0528,A,MI,290.6214294433594
M300H20T0528,A,MI,16.679624557495117
M300H20T0528,A,MI,19.537010192871094
M300H20T0528,A,MI,180.70745849609375
M300H20T0528,A,MI,19.86199951171875
M300H20T0528,A,MI,13.442277908325195
M300H20T0528,A,MI,21.467607498168945
M300H20T0528,A,MI,12.078913688659668
M300H20T0528,A,LoFTR,59.635528564453125
M300H20T0528,A,LoFTR,59.5898551940918
M300H20T0528,A,LoFTR,270.2512512207031
M300H20T0528,A,LoFTR,2.631587266921997
M300H20T0528,A,LoFTR,2.0197086334228516
M300H20T0528,A,LoFTR,153.166015625
M300H20T0528,A,LoFTR,1.143947958946228
M300H20T0528,A,LoFTR,2.5151052474975586
M300H20T0528,A,LoFTR,0.9289533495903015
M300H20T0528,A,LoFTR,2.941103458404541
M300H20T0528,A,ECC+MI,83.22122955322266
M300H20T0528,A,ECC+MI,83.18301391601562
M300H20T0528,A,ECC+MI,290.6214294433594
M300H20T0528,A,ECC+MI,16.679624557495117
M300H20T0528,A,ECC+MI,19.537010192871094
M300H20T0528,A,ECC+MI,180.70745849609375
M300H20T0528,A,ECC+MI,19.86199951171875
M300H20T0528,A,ECC+MI,13.442277908325195
M300H20T0528,A,ECC+MI,21.467607498168945
M300H20T0528,A,ECC+MI,12.078913688659668
M300H20T0544,A,ECC,7.7731170654296875
M300H20T0544,A,ECC,8.552765846252441
M300H20T0544,A,ECC,1.2617785930633545
M300H20T0544,A,ECC,1.6208934783935547
M300H20T0544,A,ECC,9.101195335388184
M300H20T0544,A,ECC,9.749482154846191
M300H20T0544,A,ECC,86.74726104736328
M300H20T0544,A,ECC,1.4176489114761353
M300H20T0544,A,ECC,1.8769731521606445
M300H20T0544,A,ECC,6.26155948638916
M300H20T0544,A,MI,1.3610644340515137
M300H20T0544,A,MI,3.6282358169555664
M300H20T0544,A,MI,8.409259796142578
M300H20T0544,A,MI,7.277304649353027
M300H20T0544,A,MI,4.197033405303955
M300H20T0544,A,MI,3.1147429943084717
M300H20T0544,A,MI,83.12230682373047
M300H20T0544,A,MI,7.686500549316406
M300H20T0544,A,MI,6.1575140953063965
M300H20T0544,A,MI,1.6740108728408813
M300H20T0544,A,LoFTR,4.681821346282959
M300H20T0544,A,LoFTR,0.1787881702184677
M300H20T0544,A,LoFTR,2.894273042678833
M300H20T0544,A,LoFTR,0.45002928376197815
M300H20T0544,A,LoFTR,0.546794593334198
M300H20T0544,A,LoFTR,6.705767631530762
M300H20T0544,A,LoFTR,79.24960327148438
M300H20T0544,A,LoFTR,1.4233341217041016
M300H20T0544,A,LoFTR,0.9294551014900208
M300H20T0544,A,LoFTR,3.0333192348480225
M300H20T0544,A,ECC+MI,1.3610644340515137
M300H20T0544,A,ECC+MI,3.6282358169555664
M300H20T0544,A,ECC+MI,8.409259796142578
M300H20T0544,A,ECC+MI,7.277304649353027
M300H20T0544,A,ECC+MI,4.197033405303955
M300H20T0544,A,ECC+MI,3.1147429943084717
M300H20T0544,A,ECC+MI,83.12230682373047
M300H20T0544,A,ECC+MI,7.686500549316406
M300H20T0544,A,ECC+MI,6.1575140953063965
M300H20T0544,A,ECC+MI,1.6740108728408813
DJI_00770058,B,ECC,38.14971160888672
DJI_00770058,B,ECC,118.03733825683594
DJI_00770058,B,ECC,40.15529251098633
DJI_00770058,B,ECC,38.29094696044922
DJI_00770058,B,ECC,104.40168762207031
DJI_00770058,B,ECC,45.775264739990234
DJI_00770058,B,ECC,119.68199920654297
DJI_00770058,B,ECC,35.449161529541016
DJI_00770058,B,ECC,35.8563346862793
DJI_00770058,B,ECC,63.23583221435547
DJI_00770058,B,MI,44.48820877075195
DJI_00770058,B,MI,41.009796142578125
DJI_00770058,B,MI,30.642833709716797
DJI_00770058,B,MI,45.73439025878906
DJI_00770058,B,MI,34.22892761230469
DJI_00770058,B,MI,33.17242431640625
DJI_00770058,B,MI,41.141990661621094
DJI_00770058,B,MI,34.57111740112305
DJI_00770058,B,MI,44.6110725402832
DJI_00770058,B,MI,34.7893180847168
DJI_00770058,B,LoFTR,6.283161640167236
DJI_00770058,B,LoFTR,1.2027851343154907
DJI_00770058,B,LoFTR,6.645899772644043
DJI_00770058,B,LoFTR,7.354511737823486
DJI_00770058,B,LoFTR,1.5805259943008423
DJI_00770058,B,LoFTR,1.0956394672393799
DJI_00770058,B,LoFTR,0.5285613536834717
DJI_00770058,B,LoFTR,1.0196151733398438
DJI_00770058,B,LoFTR,6.445761680603027
DJI_00770058,B,LoFTR,5.253470420837402
DJI_00770058,B,ECC+MI,44.02928924560547
DJI_00770058,B,ECC+MI,131.19937133789062
DJI_00770058,B,ECC+MI,34.27738952636719
DJI_00770058,B,ECC+MI,44.71909713745117
DJI_00770058,B,ECC+MI,118.02198028564453
DJI_00770058,B,ECC+MI,33.180458068847656
DJI_00770058,B,ECC+MI,132.80178833007812
DJI_00770058,B,ECC+MI,28.46257972717285
DJI_00770058,B,ECC+MI,28.341567993164062
DJI_00770058,B,ECC+MI,47.77597427368164
DJI_00770203,B,ECC,7.303949356079102
DJI_00770203,B,ECC,147.8134002685547
DJI_00770203,B,ECC,11.01707649230957
DJI_00770203,B,ECC,55.721031188964844
DJI_00770203,B,ECC,264.3034362792969
DJI_00770203,B,ECC,0.432644784450531
DJI_00770203,B,ECC,2.464972496032715
DJI_00770203,B,ECC,265.4083557128906
DJI_00770203,B,ECC,394.07550048828125
DJI_00770203,B,ECC,147.65451049804688
DJI_00770203,B,MI,110.97852325439453
DJI_00770203,B,MI,87.97288513183594
DJI_00770203,B,MI,117.67584991455078
DJI_00770203,B,MI,108.93812561035156
DJI_00770203,B,MI,161.42747497558594
DJI_00770203,B,MI,111.09968566894531
DJI_00770203,B,MI,109.56564331054688
DJI_00770203,B,MI,239.30841064453125
DJI_00770203,B,MI,428.67742919921875
DJI_00770203,B,MI,127.35292053222656
DJI_00770203,B,LoFTR,0.09686856716871262
DJI_00770203,B,LoFTR,125.5546875
DJI_00770203,B,LoFTR,14.29240894317627
DJI_00770203,B,LoFTR,61.90486145019531
DJI_00770203,B,LoFTR,262.891845703125
DJI_00770203,B,LoFTR,3.830066204071045
DJI_00770203,B,LoFTR,0.4737796485424042
DJI_00770203,B,LoFTR,269.6633605957031
DJI_00770203,B,LoFTR,413.9465637207031
DJI_00770203,B,LoFTR,129.1021270751953
DJI_00770203,B,ECC+MI,110.97852325439453
DJI_00770203,B,ECC+MI,87.97288513183594
DJI_00770203,B,ECC+MI,117.67584991455078
DJI_00770203,B,ECC+MI,108.93812561035156
DJI_00770203,B,ECC+MI,161.42747497558594
DJI_00770203,B,ECC+MI,111.09968566894531
DJI_00770203,B,ECC+MI,109.56564331054688
DJI_00770203,B,ECC+MI,239.30841064453125
DJI_00770203,B,ECC+MI,428.67742919921875
DJI_00770203,B,ECC+MI,127.35292053222656
DJI_00770287,B,ECC,367.8804931640625
DJI_00770287,B,ECC,362.1258239746094
DJI_00770287,B,ECC,380.80230712890625
DJI_00770287,B,ECC,373.7688903808594
DJI_00770287,B,ECC,373.72381591796875
DJI_00770287,B,ECC,200.4001922607422
DJI_00770287,B,ECC,142.81570434570312
DJI_00770287,B,ECC,46.217254638671875
DJI_00770287,B,ECC,67.02593231201172
DJI_00770287,B,ECC,34.89656448364258
DJI_00770287,B,MI,15.2597017288208
DJI_00770287,B,MI,14.354336738586426
DJI_00770287,B,MI,16.903156280517578
DJI_00770287,B,MI,16.041549682617188
DJI_00770287,B,MI,16.745807647705078
DJI_00770287,B,MI,66.6728286743164
DJI_00770287,B,MI,14.26077938079834
DJI_00770287,B,MI,2.039795398712158
DJI_00770287,B,MI,6.344518184661865
DJI_00770287,B,MI,5.866493225097656
DJI_00770287,B,LoFTR,0.2944408357143402
DJI_00770287,B,LoFTR,1.1704227924346924
DJI_00770287,B,LoFTR,2.0824947357177734
DJI_00770287,B,LoFTR,0.4418981671333313
DJI_00770287,B,LoFTR,1.6845035552978516
DJI_00770287,B,LoFTR,62.196868896484375
DJI_00770287,B,LoFTR,0.7794221639633179
DJI_00770287,B,LoFTR,1.7447776794433594
DJI_00770287,B,LoFTR,12.094883918762207
DJI_00770287,B,LoFTR,10.621308326721191
DJI_00770287,B,ECC+MI,542.24462890625
DJI_00770287,B,ECC+MI,537.8837280273438
DJI_00770287,B,ECC+MI,554.0791625976562
DJI_00770287,B,ECC+MI,546.9922485351562
DJI_00770287,B,ECC+MI,547.151123046875
DJI_00770287,B,ECC+MI,297.5477600097656
DJI_00770287,B,ECC+MI,268.6520690917969
DJI_00770287,B,ECC+MI,325.8626403808594
DJI_00770287,B,ECC+MI,309.8176574707031
DJI_00770287,B,ECC+MI,294.7421569824219
DJI_00790045,B,ECC,76.36199188232422
DJI_00790045,B,ECC,79.22039031982422
DJI_00790045,B,ECC,71.4158706665039
DJI_00790045,B,ECC,324.53033447265625
DJI_00790045,B,ECC,74.43978881835938
DJI_00790045,B,ECC,75.22881317138672
DJI_00790045,B,ECC,71.9106674194336
DJI_00790045,B,ECC,74.77470397949219
DJI_00790045,B,ECC,89.6502456665039
DJI_00790045,B,ECC,77.6678237915039
DJI_00790045,B,MI,7.721680164337158
DJI_00790045,B,MI,8.492527961730957
DJI_00790045,B,MI,7.592819690704346
DJI_00790045,B,MI,306.6006774902344
DJI_00790045,B,MI,7.664655685424805
DJI_00790045,B,MI,8.961052894592285
DJI_00790045,B,MI,10.59055233001709
DJI_00790045,B,MI,8.463444709777832
DJI_00790045,B,MI,6.9275126457214355
DJI_00790045,B,MI,5.13200044631958
DJI_00790045,B,LoFTR,0.9339417219161987
DJI_00790045,B,LoFTR,1.0631285905838013
DJI_00790045,B,LoFTR,1.6144174337387085
DJI_00790045,B,LoFTR,312.9728698730469
DJI_00790045,B,LoFTR,1.3922961950302124
DJI_00790045,B,LoFTR,1.2500231266021729
DJI_00790045,B,LoFTR,5.207779884338379
DJI_00790045,B,LoFTR,0.7526336312294006
DJI_00790045,B,LoFTR,1.6004446744918823
DJI_00790045,B,LoFTR,1.3844987154006958
DJI_00790045,B,ECC+MI,208.94390869140625
DJI_00790045,B,ECC+MI,84.74131774902344
DJI_00790045,B,ECC+MI,204.50621032714844
DJI_00790045,B,ECC+MI,226.15748596191406
DJI_00790045,B,ECC+MI,207.73521423339844
DJI_00790045,B,ECC+MI,87.57738494873047
DJI_00790045,B,ECC+MI,91.4489517211914
DJI_00790045,B,ECC+MI,87.12158966064453
DJI_00790045,B,ECC+MI,66.13985443115234
DJI_00790045,B,ECC+MI,214.45826721191406
DJI_00790094,B,ECC,9.988730430603027
DJI_00790094,B,ECC,9.389032363891602
DJI_00790094,B,ECC,9.816664695739746
DJI_00790094,B,ECC,147.0558624267578
DJI_00790094,B,ECC,7.258075714111328
DJI_00790094,B,ECC,178.77996826171875
DJI_00790094,B,ECC,7.295941352844238
DJI_00790094,B,ECC,8.389885902404785
DJI_00790094,B,ECC,9.361837387084961
DJI_00790094,B,ECC,10.898255348205566
DJI_00790094,B,MI,9.084234237670898
DJI_00790094,B,MI,8.347232818603516
DJI_00790094,B,MI,8.82015323638916
DJI_00790094,B,MI,147.6197967529297
DJI_00790094,B,MI,6.316208839416504
DJI_00790094,B,MI,178.04183959960938
DJI_00790094,B,MI,6.407238483428955
DJI_00790094,B,MI,7.321663856506348
DJI_00790094,B,MI,8.388397216796875
DJI_00790094,B,MI,9.856026649475098
DJI_00790094,B,LoFTR,1.8070614337921143
DJI_00790094,B,LoFTR,2.6337461471557617
DJI_00790094,B,LoFTR,0.6131810545921326
DJI_00790094,B,LoFTR,154.87144470214844
DJI_00790094,B,LoFTR,0.32130536437034607
DJI_00790094,B,LoFTR,161.30258178710938
DJI_00790094,B,LoFTR,1.8045459985733032
DJI_00790094,B,LoFTR,0.7675179839134216
DJI_00790094,B,LoFTR,1.8590470552444458
DJI_00790094,B,LoFTR,1.8235752582550049
DJI_00790094,B,ECC+MI,9.084234237670898
DJI_00790094,B,ECC+MI,8.347232818603516
DJI_00790094,B,ECC+MI,8.82015323638916
DJI_00790094,B,ECC+MI,147.6197967529297
DJI_00790094,B,ECC+MI,6.316208839416504
DJI_00790094,B,ECC+MI,178.04183959960938
DJI_00790094,B,ECC+MI,6.407238483428955
DJI_00790094,B,ECC+MI,7.321663856506348
DJI_00790094,B,ECC+MI,8.388397216796875
DJI_00790094,B,ECC+MI,9.856026649475098
DJI_00810098,B,ECC,113.64920043945312
DJI_00810098,B,ECC,25.26220703125
DJI_00810098,B,ECC,21.53900909423828
DJI_00810098,B,ECC,30.94769859313965
DJI_00810098,B,ECC,33.72045135498047
DJI_00810098,B,ECC,56.4777717590332
DJI_00810098,B,ECC,136.43943786621094
DJI_00810098,B,ECC,28.964683532714844
DJI_00810098,B,ECC,129.22792053222656
DJI_00810098,B,ECC,179.0692901611328
DJI_00810098,B,MI,38.30403518676758
DJI_00810098,B,MI,37.6096305847168
DJI_00810098,B,MI,36.912437438964844
DJI_00810098,B,MI,38.713809967041016
DJI_00810098,B,MI,37.20590591430664
DJI_00810098,B,MI,38.76796340942383
DJI_00810098,B,MI,40.1467399597168
DJI_00810098,B,MI,38.19834518432617
DJI_00810098,B,MI,37.926692962646484
DJI_00810098,B,MI,41.61787796020508
DJI_00810098,B,LoFTR,2.0815019607543945
DJI_00810098,B,LoFTR,1.4205591678619385
DJI_00810098,B,LoFTR,2.742628335952759
DJI_00810098,B,LoFTR,1.2996630668640137
DJI_00810098,B,LoFTR,0.4083287715911865
DJI_00810098,B,LoFTR,1.896877408027649
DJI_00810098,B,LoFTR,11.521720886230469
DJI_00810098,B,LoFTR,1.5316956043243408
DJI_00810098,B,LoFTR,1.853744387626648
DJI_00810098,B,LoFTR,81.996826171875
DJI_00810098,B,ECC+MI,115.8945083618164
DJI_00810098,B,ECC+MI,95.06951904296875
DJI_00810098,B,ECC+MI,92.89270782470703
DJI_00810098,B,ECC+MI,94.61919403076172
DJI_00810098,B,ECC+MI,96.2709732055664
DJI_00810098,B,ECC+MI,113.61013793945312
DJI_00810098,B,ECC+MI,138.7825164794922
DJI_00810098,B,ECC+MI,93.04495239257812
DJI_00810098,B,ECC+MI,122.60285949707031
DJI_00810098,B,ECC+MI,126.81475067138672
DJI_00810117,B,ECC,30.660785675048828
DJI_00810117,B,ECC,10.896398544311523
DJI_00810117,B,ECC,29.97756576538086
DJI_00810117,B,ECC,12.426706314086914
DJI_00810117,B,ECC,10.236156463623047
DJI_00810117,B,ECC,11.79764461517334
DJI_00810117,B,ECC,161.99632263183594
DJI_00810117,B,ECC,7.815225601196289
DJI_00810117,B,ECC,12.011104583740234
DJI_00810117,B,ECC,11.363954544067383
DJI_00810117,B,MI,72.62218475341797
DJI_00810117,B,MI,90.52424621582031
DJI_00810117,B,MI,72.65797424316406
DJI_00810117,B,MI,100.75576782226562
DJI_00810117,B,MI,90.40082550048828
DJI_00810117,B,MI,99.30110168457031
DJI_00810117,B,MI,76.2991943359375
DJI_00810117,B,MI,91.79364013671875
DJI_00810117,B,MI,89.29744720458984
DJI_00810117,B,MI,90.7406234741211
DJI_00810117,B,LoFTR,12.465522766113281
DJI_00810117,B,LoFTR,0.5499951243400574
DJI_00810117,B,LoFTR,11.876477241516113
DJI_00810117,B,LoFTR,1.5307444334030151
DJI_00810117,B,LoFTR,0.8880704045295715
DJI_00810117,B,LoFTR,1.258750081062317
DJI_00810117,B,LoFTR,172.92752075195312
DJI_00810117,B,LoFTR,2.0595133304595947
DJI_00810117,B,LoFTR,1.2983930110931396
DJI_00810117,B,LoFTR,0.9482008218765259
DJI_00810117,B,ECC+MI,72.62218475341797
DJI_00810117,B,ECC+MI,90.52424621582031
DJI_00810117,B,ECC+MI,72.65797424316406
DJI_00810117,B,ECC+MI,100.75576782226562
DJI_00810117,B,ECC+MI,90.40082550048828
DJI_00810117,B,ECC+MI,99.30110168457031
DJI_00810117,B,ECC+MI,76.2991943359375
DJI_00810117,B,ECC+MI,91.79364013671875
DJI_00810117,B,ECC+MI,89.29744720458984
DJI_00810117,B,ECC+MI,90.7406234741211
DJI_00810185,B,ECC,25.23788833618164
DJI_00810185,B,ECC,23.754682540893555
DJI_00810185,B,ECC,24.66185760498047
DJI_00810185,B,ECC,26.89089584350586
DJI_00810185,B,ECC,20.544353485107422
DJI_00810185,B,ECC,22.60280418395996
DJI_00810185,B,ECC,28.750585556030273
DJI_00810185,B,ECC,24.356765747070312
DJI_00810185,B,ECC,27.255443572998047
DJI_00810185,B,ECC,23.699506759643555
DJI_00810185,B,MI,11.75368595123291
DJI_00810185,B,MI,11.731661796569824
DJI_00810185,B,MI,12.19991397857666
DJI_00810185,B,MI,11.76876449584961
DJI_00810185,B,MI,11.641663551330566
DJI_00810185,B,MI,11.361244201660156
DJI_00810185,B,MI,11.419145584106445
DJI_00810185,B,MI,12.399349212646484
DJI_00810185,B,MI,10.778814315795898
DJI_00810185,B,MI,11.522806167602539
DJI_00810185,B,LoFTR,0.8594919443130493
DJI_00810185,B,LoFTR,0.972316563129425
DJI_00810185,B,LoFTR,1.4169912338256836
DJI_00810185,B,LoFTR,0.8744721412658691
DJI_00810185,B,LoFTR,0.8826970458030701
DJI_00810185,B,LoFTR,0.619712233543396
DJI_00810185,B,LoFTR,0.6193881630897522
DJI_00810185,B,LoFTR,1.825142741203308
DJI_00810185,B,LoFTR,2.0433778762817383
DJI_00810185,B,LoFTR,1.0099650621414185
DJI_00810185,B,ECC+MI,28.4609317779541
DJI_00810185,B,ECC+MI,29.71225357055664
DJI_00810185,B,ECC+MI,28.485275268554688
DJI_00810185,B,ECC+MI,27.801294326782227
DJI_00810185,B,ECC+MI,30.930923461914062
DJI_00810185,B,ECC+MI,30.45650863647461
DJI_00810185,B,ECC+MI,26.194488525390625
DJI_00810185,B,ECC+MI,28.342700958251953
DJI_00810185,B,ECC+MI,29.075620651245117
DJI_00810185,B,ECC+MI,28.52780532836914
DJI_00810257,B,ECC,45.19002914428711
DJI_00810257,B,ECC,49.45393753051758
DJI_00810257,B,ECC,91.9385757446289
DJI_00810257,B,ECC,89.91452026367188
DJI_00810257,B,ECC,94.07939147949219
DJI_00810257,B,ECC,44.27732467651367
DJI_00810257,B,ECC,46.65668487548828
DJI_00810257,B,ECC,95.62015533447266
DJI_00810257,B,ECC,44.58000946044922
DJI_00810257,B,ECC,165.05081176757812
DJI_00810257,B,MI,52.55423355102539
DJI_00810257,B,MI,49.17759704589844
DJI_00810257,B,MI,47.43826675415039
DJI_00810257,B,MI,47.804534912109375
DJI_00810257,B,MI,48.07523727416992
DJI_00810257,B,MI,47.788848876953125
DJI_00810257,B,MI,50.867977142333984
DJI_00810257,B,MI,47.109310150146484
DJI_00810257,B,MI,50.46287536621094
DJI_00810257,B,MI,158.518310546875
DJI_00810257,B,LoFTR,1.0446192026138306
DJI_00810257,B,LoFTR,3.5804100036621094
DJI_00810257,B,LoFTR,0.9724299311637878
DJI_00810257,B,LoFTR,2.8848843574523926
DJI_00810257,B,LoFTR,1.6054730415344238
DJI_00810257,B,LoFTR,2.0455734729766846
DJI_00810257,B,LoFTR,1.4933446645736694
DJI_00810257,B,LoFTR,2.6540188789367676
DJI_00810257,B,LoFTR,2.7104780673980713
DJI_00810257,B,LoFTR,187.6857452392578
DJI_00810257,B,ECC+MI,120.69989776611328
DJI_00810257,B,ECC+MI,124.98045349121094
DJI_00810257,B,ECC+MI,76.53466033935547
DJI_00810257,B,ECC+MI,75.52703857421875
DJI_00810257,B,ECC+MI,78.7476806640625
DJI_00810257,B,ECC+MI,117.9723892211914
DJI_00810257,B,ECC+MI,120.48882293701172
DJI_00810257,B,ECC+MI,78.85952758789062
DJI_00810257,B,ECC+MI,117.6863784790039
DJI_00810257,B,ECC+MI,238.79522705078125
DJI_00810265,B,ECC,36.85896682739258
DJI_00810265,B,ECC,7.724298477172852
DJI_00810265,B,ECC,8.413148880004883
DJI_00810265,B,ECC,14.391142845153809
DJI_00810265,B,ECC,8.152234077453613
DJI_00810265,B,ECC,6.866035461425781
DJI_00810265,B,ECC,7.781158924102783
DJI_00810265,B,ECC,7.341736793518066
DJI_00810265,B,ECC,199.92494201660156
DJI_00810265,B,ECC,7.728090763092041
DJI_00810265,B,MI,96.7563705444336
DJI_00810265,B,MI,73.61146545410156
DJI_00810265,B,MI,73.68159484863281
DJI_00810265,B,MI,69.24486541748047
DJI_00810265,B,MI,73.74056243896484
DJI_00810265,B,MI,74.38325500488281
DJI_00810265,B,MI,74.49146270751953
DJI_00810265,B,MI,76.34434509277344
DJI_00810265,B,MI,148.7688751220703
DJI_00810265,B,MI,73.55545043945312
DJI_00810265,B,LoFTR,33.48628234863281
DJI_00810265,B,LoFTR,0.8924514651298523
DJI_00810265,B,LoFTR,0.1820358783006668
DJI_00810265,B,LoFTR,1.3683315515518188
DJI_00810265,B,LoFTR,0.6340874433517456
DJI_00810265,B,LoFTR,1.2417408227920532
DJI_00810265,B,LoFTR,0.19187109172344208
DJI_00810265,B,LoFTR,1.985041618347168
DJI_00810265,B,LoFTR,198.1616973876953
DJI_00810265,B,LoFTR,0.9606016278266907
DJI_00810265,B,ECC+MI,96.7563705444336
DJI_00810265,B,ECC+MI,73.61146545410156
DJI_00810265,B,ECC+MI,73.68159484863281
DJI_00810265,B,ECC+MI,69.24486541748047
DJI_00810265,B,ECC+MI,73.74056243896484
DJI_00810265,B,ECC+MI,74.38325500488281
DJI_00810265,B,ECC+MI,74.49146270751953
DJI_00810265,B,ECC+MI,76.34434509277344
DJI_00810265,B,ECC+MI,148.7688751220703
DJI_00810265,B,ECC+MI,73.55545043945312
DJI_00810283,B,ECC,34.85420608520508
DJI_00810283,B,ECC,34.75075149536133
DJI_00810283,B,ECC,115.29377746582031
DJI_00810283,B,ECC,57.70564651489258
DJI_00810283,B,ECC,42.79572296142578
DJI_00810283,B,ECC,61.73862838745117
DJI_00810283,B,ECC,84.71044921875
DJI_00810283,B,ECC,37.90361785888672
DJI_00810283,B,ECC,80.89110565185547
DJI_00810283,B,ECC,109.19044494628906
DJI_00810283,B,MI,34.22751998901367
DJI_00810283,B,MI,36.34005355834961
DJI_00810283,B,MI,49.884132385253906
DJI_00810283,B,MI,32.13958740234375
DJI_00810283,B,MI,26.76241683959961
DJI_00810283,B,MI,36.38077163696289
DJI_00810283,B,MI,30.267850875854492
DJI_00810283,B,MI,36.06880187988281
DJI_00810283,B,MI,31.37554359436035
DJI_00810283,B,MI,43.75606155395508
DJI_00810283,B,LoFTR,0.36687228083610535
DJI_00810283,B,LoFTR,1.54012930393219
DJI_00810283,B,LoFTR,85.82133483886719
DJI_00810283,B,LoFTR,0.30547603964805603
DJI_00810283,B,LoFTR,8.085693359375
DJI_00810283,B,LoFTR,2.5164921283721924
DJI_00810283,B,LoFTR,5.3915791511535645
DJI_00810283,B,LoFTR,0.8813906908035278
DJI_00810283,B,LoFTR,2.019209861755371
DJI_00810283,B,LoFTR,79.92745971679688
DJI_00810283,B,ECC+MI,41.63359069824219
DJI_00810283,B,ECC+MI,56.35496520996094
DJI_00810283,B,ECC+MI,66.70982360839844
DJI_00810283,B,ECC+MI,54.50707244873047
DJI_00810283,B,ECC+MI,32.389278411865234
DJI_00810283,B,ECC+MI,80.93441772460938
DJI_00810283,B,ECC+MI,75.38511657714844
DJI_00810283,B,ECC+MI,59.14302444458008
DJI_00810283,B,ECC+MI,73.34498596191406
DJI_00810283,B,ECC+MI,61.61394500732422
DJI_00810320,B,ECC,294.8016662597656
DJI_00810320,B,ECC,307.6964416503906
DJI_00810320,B,ECC,213.97592163085938
DJI_00810320,B,ECC,67.30638885498047
DJI_00810320,B,ECC,291.5704040527344
DJI_00810320,B,ECC,90.55325317382812
DJI_00810320,B,ECC,225.67958068847656
DJI_00810320,B,ECC,286.50653076171875
DJI_00810320,B,ECC,58.77133560180664
DJI_00810320,B,ECC,92.1475601196289
DJI_00810320,B,MI,7.363440990447998
DJI_00810320,B,MI,10.02060317993164
DJI_00810320,B,MI,10.321338653564453
DJI_00810320,B,MI,6.626515865325928
DJI_00810320,B,MI,6.32247257232666
DJI_00810320,B,MI,7.277292728424072
DJI_00810320,B,MI,40.23926544189453
DJI_00810320,B,MI,11.878044128417969
DJI_00810320,B,MI,36.03364562988281
DJI_00810320,B,MI,7.376401424407959
DJI_00810320,B,LoFTR,0.6314676403999329
DJI_00810320,B,LoFTR,0.22445662319660187
DJI_00810320,B,LoFTR,1.785671591758728
DJI_00810320,B,LoFTR,6.550178527832031
DJI_00810320,B,LoFTR,1.1313421726226807
DJI_00810320,B,LoFTR,4.662596702575684
DJI_00810320,B,LoFTR,41.373592376708984
DJI_00810320,B,LoFTR,1.8192672729492188
DJI_00810320,B,LoFTR,42.990692138671875
DJI_00810320,B,LoFTR,4.306228160858154
DJI_00810320,B,ECC+MI,290.9896240234375
DJI_00810320,B,ECC+MI,312.0284118652344
DJI_00810320,B,ECC+MI,217.9080810546875
DJI_00810320,B,ECC+MI,61.75907897949219
DJI_00810320,B,ECC+MI,287.7250061035156
DJI_00810320,B,ECC+MI,95.31002807617188
DJI_00810320,B,ECC+MI,221.79995727539062
DJI_00810320,B,ECC+MI,290.7400817871094
DJI_00810320,B,ECC+MI,57.72026824951172
DJI_00810320,B,ECC+MI,97.42818450927734
DJI_00810368,B,ECC,245.21072387695312
DJI_00810368,B,ECC,338.61773681640625
DJI_00810368,B,ECC,409.70941162109375
DJI_00810368,B,ECC,57.06237030029297
DJI_00810368,B,ECC,133.2002716064453
DJI_00810368,B,ECC,7.82488489151001
DJI_00810368,B,ECC,42.5063362121582
DJI_00810368,B,ECC,417.7254638671875
DJI_00810368,B,ECC,344.53009033203125
DJI_00810368,B,ECC,59.06721115112305
DJI_00810368,B,MI,255.35296630859375
DJI_00810368,B,MI,348.5281677246094
DJI_00810368,B,MI,416.5774230957031
DJI_00810368,B,MI,68.60249328613281
DJI_00810368,B,MI,121.6651840209961
DJI_00810368,B,MI,5.248040676116943
DJI_00810368,B,MI,53.944522857666016
DJI_00810368,B,MI,423.3293762207031
DJI_00810368,B,MI,354.147216796875
DJI_00810368,B,MI,67.98458862304688
DJI_00810368,B,LoFTR,35.34153747558594
DJI_00810368,B,LoFTR,110.12953186035156
DJI_00810368,B,LoFTR,322.4007263183594
DJI_00810368,B,LoFTR,138.192626953125
DJI_00810368,B,LoFTR,183.33908081054688
DJI_00810368,B,LoFTR,230.68557739257812
DJI_00810368,B,LoFTR,147.4718780517578
DJI_00810368,B,LoFTR,359.8956298828125
DJI_00810368,B,LoFTR,126.02534484863281
DJI_00810368,B,LoFTR,0.13574537634849548
DJI_00810368,B,ECC+MI,255.35296630859375
DJI_00810368,B,ECC+MI,348.5281677246094
DJI_00810368,B,ECC+MI,416.5774230957031
DJI_00810368,B,ECC+MI,68.60249328613281
DJI_00810368,B,ECC+MI,121.6651840209961
DJI_00810368,B,ECC+MI,5.248040676116943
DJI_00810368,B,ECC+MI,53.944522857666016
DJI_00810368,B,ECC+MI,423.3293762207031
DJI_00810368,B,ECC+MI,354.147216796875
DJI_00810368,B,ECC+MI,67.98458862304688
DJI_00810460,B,ECC,11.612679481506348
DJI_00810460,B,ECC,10.48537540435791
DJI_00810460,B,ECC,10.765254974365234
DJI_00810460,B,ECC,1.0362170934677124
DJI_00810460,B,ECC,14.53287410736084
DJI_00810460,B,ECC,7.428529262542725
DJI_00810460,B,ECC,17.62104034423828
DJI_00810460,B,ECC,14.737967491149902
DJI_00810460,B,ECC,211.82115173339844
DJI_00810460,B,ECC,19.672426223754883
DJI_00810460,B,MI,164.42640686035156
DJI_00810460,B,MI,161.34474182128906
DJI_00810460,B,MI,162.08082580566406
DJI_00810460,B,MI,160.33250427246094
DJI_00810460,B,MI,152.913818359375
DJI_00810460,B,MI,166.36886596679688
DJI_00810460,B,MI,150.6031951904297
DJI_00810460,B,MI,152.48101806640625
DJI_00810460,B,MI,85.45281982421875
DJI_00810460,B,MI,143.58163452148438
DJI_00810460,B,LoFTR,1.5005007982254028
DJI_00810460,B,LoFTR,1.8344333171844482
DJI_00810460,B,LoFTR,0.6444827914237976
DJI_00810460,B,LoFTR,1.3898394107818604
DJI_00810460,B,LoFTR,7.004395961761475
DJI_00810460,B,LoFTR,21.445287704467773
DJI_00810460,B,LoFTR,6.741784572601318
DJI_00810460,B,LoFTR,7.03660774230957
DJI_00810460,B,LoFTR,213.66845703125
DJI_00810460,B,LoFTR,1.1775450706481934
DJI_00810460,B,ECC+MI,164.42640686035156
DJI_00810460,B,ECC+MI,161.34474182128906
DJI_00810460,B,ECC+MI,162.08082580566406
DJI_00810460,B,ECC+MI,160.33250427246094
DJI_00810460,B,ECC+MI,152.913818359375
DJI_00810460,B,ECC+MI,166.36886596679688
DJI_00810460,B,ECC+MI,150.6031951904297
DJI_00810460,B,ECC+MI,152.48101806640625
DJI_00810460,B,ECC+MI,85.45281982421875
DJI_00810460,B,ECC+MI,143.58163452148438
DJI_00810502,B,ECC,1.8059602975845337
DJI_00810502,B,ECC,2.4054317474365234
DJI_00810502,B,ECC,7.797441005706787
DJI_00810502,B,ECC,1.6438965797424316
DJI_00810502,B,ECC,2.39314866065979
DJI_00810502,B,ECC,2.7101378440856934
DJI_00810502,B,ECC,0.8966571688652039
DJI_00810502,B,ECC,2.7882936000823975
DJI_00810502,B,ECC,10.445094108581543
DJI_00810502,B,ECC,7.6131510734558105
DJI_00810502,B,MI,56.63707733154297
DJI_00810502,B,MI,56.675777435302734
DJI_00810502,B,MI,62.70151901245117
DJI_00810502,B,MI,56.584495544433594
DJI_00810502,B,MI,57.22920608520508
DJI_00810502,B,MI,57.428897857666016
DJI_00810502,B,MI,55.693172454833984
DJI_00810502,B,MI,57.67228698730469
DJI_00810502,B,MI,49.594661712646484
DJI_00810502,B,MI,62.50077438354492
DJI_00810502,B,LoFTR,0.5005565881729126
DJI_00810502,B,LoFTR,0.700657308101654
DJI_00810502,B,LoFTR,6.221870422363281
DJI_00810502,B,LoFTR,0.49893349409103394
DJI_00810502,B,LoFTR,0.5689577460289001
DJI_00810502,B,LoFTR,0.2515679895877838
DJI_00810502,B,LoFTR,1.2834850549697876
DJI_00810502,B,LoFTR,0.7659041881561279
DJI_00810502,B,LoFTR,1.9431966543197632
DJI_00810502,B,LoFTR,4.010338306427002
DJI_00810502,B,ECC+MI,56.63707733154297
DJI_00810502,B,ECC+MI,56.675777435302734
DJI_00810502,B,ECC+MI,62.70151901245117
DJI_00810502,B,ECC+MI,56.584495544433594
DJI_00810502,B,ECC+MI,57.22920608520508
DJI_00810502,B,ECC+MI,57.428897857666016
DJI_00810502,B,ECC+MI,55.693172454833984
DJI_00810502,B,ECC+MI,57.67228698730469
DJI_00810502,B,ECC+MI,49.594661712646484
DJI_00810502,B,ECC+MI,62.50077438354492
DJI_00810524,B,ECC,103.82415008544922
DJI_00810524,B,ECC,107.42982482910156
DJI_00810524,B,ECC,91.58770751953125
DJI_00810524,B,ECC,123.53480529785156
DJI_00810524,B,ECC,105.65876770019531
DJI_00810524,B,ECC,113.07720184326172
DJI_00810524,B,ECC,211.39056396484375
DJI_00810524,B,ECC,116.00848388671875
DJI_00810524,B,ECC,123.21040344238281
DJI_00810524,B,ECC,118.16036224365234
DJI_00810524,B,MI,27.054628372192383
DJI_00810524,B,MI,12.702347755432129
DJI_00810524,B,MI,2.2756307125091553
DJI_00810524,B,MI,19.50334930419922
DJI_00810524,B,MI,12.317543029785156
DJI_00810524,B,MI,10.551782608032227
DJI_00810524,B,MI,141.29736328125
DJI_00810524,B,MI,10.90313720703125
DJI_00810524,B,MI,19.665815353393555
DJI_00810524,B,MI,11.296024322509766
DJI_00810524,B,LoFTR,15.398662567138672
DJI_00810524,B,LoFTR,2.079512119293213
DJI_00810524,B,LoFTR,52.96171951293945
DJI_00810524,B,LoFTR,1.9671730995178223
DJI_00810524,B,LoFTR,2.117716073989868
DJI_00810524,B,LoFTR,1.4806374311447144
DJI_00810524,B,LoFTR,190.67237854003906
DJI_00810524,B,LoFTR,0.5369629263877869
DJI_00810524,B,LoFTR,1.686972975730896
DJI_00810524,B,LoFTR,2.1505825519561768
DJI_00810524,B,ECC+MI,106.91510772705078
DJI_00810524,B,ECC+MI,110.41886138916016
DJI_00810524,B,ECC+MI,89.63612365722656
DJI_00810524,B,ECC+MI,126.54871368408203
DJI_00810524,B,ECC+MI,108.61648559570312
DJI_00810524,B,ECC+MI,116.04927825927734
DJI_00810524,B,ECC+MI,208.27549743652344
DJI_00810524,B,ECC+MI,119.00666046142578
DJI_00810524,B,ECC+MI,126.15974426269531
DJI_00810524,B,ECC+MI,121.20648956298828
DJI_00810543,B,ECC,328.1398620605469
DJI_00810543,B,ECC,387.6906433105469
DJI_00810543,B,ECC,97.98456573486328
DJI_00810543,B,ECC,345.22528076171875
DJI_00810543,B,ECC,364.65069580078125
DJI_00810543,B,ECC,379.2208557128906
DJI_00810543,B,ECC,112.54298400878906
DJI_00810543,B,ECC,113.77761840820312
DJI_00810543,B,ECC,250.78482055664062
DJI_00810543,B,ECC,393.734375
DJI_00810543,B,MI,247.107666015625
DJI_00810543,B,MI,7.381560802459717
DJI_00810543,B,MI,6.851747512817383
DJI_00810543,B,MI,40.68266677856445
DJI_00810543,B,MI,7.861813545227051
DJI_00810543,B,MI,7.7073187828063965
DJI_00810543,B,MI,130.81166076660156
DJI_00810543,B,MI,7.571081161499023
DJI_00810543,B,MI,20.181440353393555
DJI_00810543,B,MI,6.047959327697754
DJI_00810543,B,LoFTR,242.89410400390625
DJI_00810543,B,LoFTR,1.8068495988845825
DJI_00810543,B,LoFTR,0.7345492243766785
DJI_00810543,B,LoFTR,34.35832214355469
DJI_00810543,B,LoFTR,2.1543123722076416
DJI_00810543,B,LoFTR,1.1678533554077148
DJI_00810543,B,LoFTR,139.61447143554688
DJI_00810543,B,LoFTR,0.10960859060287476
DJI_00810543,B,LoFTR,18.611719131469727
DJI_00810543,B,LoFTR,2.5427422523498535
DJI_00810543,B,ECC+MI,330.7572021484375
DJI_00810543,B,ECC+MI,390.6383361816406
DJI_00810543,B,ECC+MI,97.74213409423828
DJI_00810543,B,ECC+MI,348.3753662109375
DJI_00810543,B,ECC+MI,367.6727600097656
DJI_00810543,B,ECC+MI,382.2451171875
DJI_00810543,B,ECC+MI,113.15654754638672
DJI_00810543,B,ECC+MI,113.2305908203125
DJI_00810543,B,ECC+MI,254.15431213378906
DJI_00810543,B,ECC+MI,396.7348327636719
DJI_00810638,B,ECC,7.412938594818115
DJI_00810638,B,ECC,6.295254707336426
DJI_00810638,B,ECC,6.332783222198486
DJI_00810638,B,ECC,10.096131324768066
DJI_00810638,B,ECC,2.3674464225769043
DJI_00810638,B,ECC,8.7553071975708
DJI_00810638,B,ECC,1.9681531190872192
DJI_00810638,B,ECC,1.3087048530578613
DJI_00810638,B,ECC,7.45965051651001
DJI_00810638,B,ECC,11.389877319335938
DJI_00810638,B,MI,6.682917594909668
DJI_00810638,B,MI,6.28898811340332
DJI_00810638,B,MI,5.681498050689697
DJI_00810638,B,MI,10.267480850219727
DJI_00810638,B,MI,3.9434189796447754
DJI_00810638,B,MI,8.170105934143066
DJI_00810638,B,MI,3.8865489959716797
DJI_00810638,B,MI,3.502011299133301
DJI_00810638,B,MI,6.466747760772705
DJI_00810638,B,MI,13.847312927246094
DJI_00810638,B,LoFTR,7.241153717041016
DJI_00810638,B,LoFTR,5.459934234619141
DJI_00810638,B,LoFTR,5.625152587890625
DJI_00810638,B,LoFTR,6.073211193084717
DJI_00810638,B,LoFTR,0.21510089933872223
DJI_00810638,B,LoFTR,1.4643610715866089
DJI_00810638,B,LoFTR,2.2860379219055176
DJI_00810638,B,LoFTR,3.4870896339416504
DJI_00810638,B,LoFTR,1.491337537765503
DJI_00810638,B,LoFTR,9.582250595092773
DJI_00810638,B,ECC+MI,6.682917594909668
DJI_00810638,B,ECC+MI,6.28898811340332
DJI_00810638,B,ECC+MI,5.681498050689697
DJI_00810638,B,ECC+MI,10.267480850219727
DJI_00810638,B,ECC+MI,3.9434189796447754
DJI_00810638,B,ECC+MI,8.170105934143066
DJI_00810638,B,ECC+MI,3.8865489959716797
DJI_00810638,B,ECC+MI,3.502011299133301
DJI_00810638,B,ECC+MI,6.466747760772705
DJI_00810638,B,ECC+MI,13.847312927246094
DJI_00810668,B,ECC,7.728743553161621
DJI_00810668,B,ECC,9.275418281555176
DJI_00810668,B,ECC,8.113097190856934
DJI_00810668,B,ECC,0.8309524655342102
DJI_00810668,B,ECC,8.853863716125488
DJI_00810668,B,ECC,227.4024658203125
DJI_00810668,B,ECC,11.811697959899902
DJI_00810668,B,ECC,7.646456241607666
DJI_00810668,B,ECC,7.356078147888184
DJI_00810668,B,ECC,111.68524932861328
DJI_00810668,B,MI,1.77327561378479
DJI_00810668,B,MI,13.959635734558105
DJI_00810668,B,MI,2.1030709743499756
DJI_00810668,B,MI,5.444149017333984
DJI_00810668,B,MI,3.044820785522461
DJI_00810668,B,MI,223.3505096435547
DJI_00810668,B,MI,16.162302017211914
DJI_00810668,B,MI,8.479049682617188
DJI_00810668,B,MI,13.232202529907227
DJI_00810668,B,MI,110.31886291503906
DJI_00810668,B,LoFTR,0.4052693247795105
DJI_00810668,B,LoFTR,1.7541700601577759
DJI_00810668,B,LoFTR,1.2708946466445923
DJI_00810668,B,LoFTR,4.02172327041626
DJI_00810668,B,LoFTR,1.1243617534637451
DJI_00810668,B,LoFTR,223.40533447265625
DJI_00810668,B,LoFTR,1.909436583518982
DJI_00810668,B,LoFTR,2.0693271160125732
DJI_00810668,B,LoFTR,7.297493934631348
DJI_00810668,B,LoFTR,116.01988983154297
DJI_00810668,B,ECC+MI,1.77327561378479
DJI_00810668,B,ECC+MI,13.959635734558105
DJI_00810668,B,ECC+MI,2.1030709743499756
DJI_00810668,B,ECC+MI,5.444149017333984
DJI_00810668,B,ECC+MI,3.044820785522461
DJI_00810668,B,ECC+MI,223.3505096435547
DJI_00810668,B,ECC+MI,16.162302017211914
DJI_00810668,B,ECC+MI,8.479049682617188
DJI_00810668,B,ECC+MI,13.232202529907227
DJI_00810668,B,ECC+MI,110.31886291503906
DJI_00810686,B,ECC,133.47608947753906
DJI_00810686,B,ECC,120.54347229003906
DJI_00810686,B,ECC,10.94854736328125
DJI_00810686,B,ECC,9.268074989318848
DJI_00810686,B,ECC,65.9188003540039
DJI_00810686,B,ECC,167.30970764160156
DJI_00810686,B,ECC,17.309799194335938
DJI_00810686,B,ECC,174.21099853515625
DJI_00810686,B,ECC,110.22956848144531
DJI_00810686,B,ECC,114.19962310791016
DJI_00810686,B,MI,135.189208984375
DJI_00810686,B,MI,121.13745880126953
DJI_00810686,B,MI,11.175294876098633
DJI_00810686,B,MI,9.665144920349121
DJI_00810686,B,MI,64.80103302001953
DJI_00810686,B,MI,169.04039001464844
DJI_00810686,B,MI,15.587140083312988
DJI_00810686,B,MI,174.364013671875
DJI_00810686,B,MI,111.90740203857422
DJI_00810686,B,MI,115.81397247314453
DJI_00810686,B,LoFTR,1.073500394821167
DJI_00810686,B,LoFTR,312.024658203125
DJI_00810686,B,LoFTR,1.0735150575637817
DJI_00810686,B,LoFTR,1.0735247135162354
DJI_00810686,B,LoFTR,191.9086151123047
DJI_00810686,B,LoFTR,517.4026489257812
DJI_00810686,B,LoFTR,370.280517578125
DJI_00810686,B,LoFTR,634.4168701171875
DJI_00810686,B,LoFTR,878.0123901367188
DJI_00810686,B,LoFTR,949.202392578125
DJI_00810686,B,ECC+MI,135.189208984375
DJI_00810686,B,ECC+MI,121.13745880126953
DJI_00810686,B,ECC+MI,11.175294876098633
DJI_00810686,B,ECC+MI,9.665144920349121
DJI_00810686,B,ECC+MI,64.80103302001953
DJI_00810686,B,ECC+MI,169.04039001464844
DJI_00810686,B,ECC+MI,15.587140083312988
DJI_00810686,B,ECC+MI,174.364013671875
DJI_00810686,B,ECC+MI,111.90740203857422
DJI_00810686,B,ECC+MI,115.81397247314453
DJI_08380118,C,ECC,6.151288986206055
DJI_08380118,C,ECC,8.18597412109375
DJI_08380118,C,ECC,4.206301212310791
DJI_08380118,C,ECC,9.67625904083252
DJI_08380118,C,ECC,7.931527614593506
DJI_08380118,C,ECC,13.747387886047363
DJI_08380118,C,ECC,6.789661407470703
DJI_08380118,C,ECC,7.752687454223633
DJI_08380118,C,ECC,7.682822227478027
DJI_08380118,C,ECC,190.2123260498047
DJI_08380118,C,MI,4.907323837280273
DJI_08380118,C,MI,2.3121135234832764
DJI_08380118,C,MI,4.54646635055542
DJI_08380118,C,MI,2.7474403381347656
DJI_08380118,C,MI,2.7758450508117676
DJI_08380118,C,MI,5.206554889678955
DJI_08380118,C,MI,2.0303399562835693
DJI_08380118,C,MI,2.7051565647125244
DJI_08380118,C,MI,4.029611587524414
DJI_08380118,C,MI,187.5610809326172
DJI_08380118,C,LoFTR,2.7530250549316406
DJI_08380118,C,LoFTR,0.574760377407074
DJI_08380118,C,LoFTR,3.9879684448242188
DJI_08380118,C,LoFTR,5.013904094696045
DJI_08380118,C,LoFTR,0.48036912083625793
DJI_08380118,C,LoFTR,6.900145530700684
DJI_08380118,C,LoFTR,1.2839627265930176
DJI_08380118,C,LoFTR,0.4584987759590149
DJI_08380118,C,LoFTR,1.8147603273391724
DJI_08380118,C,LoFTR,187.7687530517578
DJI_08380118,C,ECC+MI,5.185836315155029
DJI_08380118,C,ECC+MI,6.019866466522217
DJI_08380118,C,ECC+MI,2.18404483795166
DJI_08380118,C,ECC+MI,7.60507345199585
DJI_08380118,C,ECC+MI,5.817972660064697
DJI_08380118,C,ECC+MI,8.602540016174316
DJI_08380118,C,ECC+MI,5.765331745147705
DJI_08380118,C,ECC+MI,5.670638084411621
DJI_08380118,C,ECC+MI,6.405477523803711
DJI_08380118,C,ECC+MI,184.61199951171875
DJI_08380155,C,ECC,4.629757881164551
DJI_08380155,C,ECC,4.533298492431641
DJI_08380155,C,ECC,1.57612943649292
DJI_08380155,C,ECC,2.6403660774230957
DJI_08380155,C,ECC,1.521445393562317
DJI_08380155,C,ECC,5.004340648651123
DJI_08380155,C,ECC,0.5447999835014343
DJI_08380155,C,ECC,8.592658042907715
DJI_08380155,C,ECC,4.9894700050354
DJI_08380155,C,ECC,7.048407554626465
DJI_08380155,C,MI,3.05128812789917
DJI_08380155,C,MI,1.4153320789337158
DJI_08380155,C,MI,2.2068018913269043
DJI_08380155,C,MI,6.024770736694336
DJI_08380155,C,MI,1.97793710231781
DJI_08380155,C,MI,1.5026668310165405
DJI_08380155,C,MI,2.6050024032592773
DJI_08380155,C,MI,9.2698335647583
DJI_08380155,C,MI,1.499822735786438
DJI_08380155,C,MI,7.42413330078125
DJI_08380155,C,LoFTR,0.6436429023742676
DJI_08380155,C,LoFTR,1.2745777368545532
DJI_08380155,C,LoFTR,1.5036635398864746
DJI_08380155,C,LoFTR,4.867487907409668
DJI_08380155,C,LoFTR,1.0216395854949951
DJI_08380155,C,LoFTR,2.116421699523926
DJI_08380155,C,LoFTR,0.683773934841156
DJI_08380155,C,LoFTR,7.3368377685546875
DJI_08380155,C,LoFTR,0.9252896904945374
DJI_08380155,C,LoFTR,5.25483512878418
DJI_08380155,C,ECC+MI,4.419234752655029
DJI_08380155,C,ECC+MI,2.695509672164917
DJI_08380155,C,ECC+MI,3.126703977584839
DJI_08380155,C,ECC+MI,5.286708831787109
DJI_08380155,C,ECC+MI,1.266963243484497
DJI_08380155,C,ECC+MI,4.221676349639893
DJI_08380155,C,ECC+MI,2.619088649749756
DJI_08380155,C,ECC+MI,9.332138061523438
DJI_08380155,C,ECC+MI,3.8644158840179443
DJI_08380155,C,ECC+MI,7.771044731140137
DJI_08380231,C,ECC,8.29977035522461
DJI_08380231,C,ECC,8.111201286315918
DJI_08380231,C,ECC,8.204351425170898
DJI_08380231,C,ECC,5.106730937957764
DJI_08380231,C,ECC,8.184303283691406
DJI_08380231,C,ECC,8.115497589111328
DJI_08380231,C,ECC,14.290977478027344
DJI_08380231,C,ECC,5.232229709625244
DJI_08380231,C,ECC,9.580793380737305
DJI_08380231,C,ECC,3.95650053024292
DJI_08380231,C,MI,4.541195392608643
DJI_08380231,C,MI,10.073968887329102
DJI_08380231,C,MI,4.50582218170166
DJI_08380231,C,MI,5.880992889404297
DJI_08380231,C,MI,8.953849792480469
DJI_08380231,C,MI,11.83526611328125
DJI_08380231,C,MI,15.163536071777344
DJI_08380231,C,MI,5.362481117248535
DJI_08380231,C,MI,5.463108062744141
DJI_08380231,C,MI,7.165986061096191
DJI_08380231,C,LoFTR,0.8365438580513
DJI_08380231,C,LoFTR,1.0408909320831299
DJI_08380231,C,LoFTR,0.7067539095878601
DJI_08380231,C,LoFTR,2.0860044956207275
DJI_08380231,C,LoFTR,0.9009336233139038
DJI_08380231,C,LoFTR,2.0635242462158203
DJI_08380231,C,LoFTR,9.10009765625
DJI_08380231,C,LoFTR,1.58232843875885
DJI_08380231,C,LoFTR,1.18161141872406
DJI_08380231,C,LoFTR,3.158564567565918
DJI_08380231,C,ECC+MI,6.706986427307129
DJI_08380231,C,ECC+MI,14.572406768798828
DJI_08380231,C,ECC+MI,6.686985492706299
DJI_08380231,C,ECC+MI,9.11589241027832
DJI_08380231,C,ECC+MI,13.428919792175293
DJI_08380231,C,ECC+MI,16.07074737548828
DJI_08380231,C,ECC+MI,16.638235092163086
DJI_08380231,C,ECC+MI,9.851741790771484
DJI_08380231,C,ECC+MI,6.499295234680176
DJI_08380231,C,ECC+MI,10.317462921142578
DJI_08380251,C,ECC,10.020621299743652
DJI_08380251,C,ECC,11.710433959960938
DJI_08380251,C,ECC,11.903633117675781
DJI_08380251,C,ECC,10.790322303771973
DJI_08380251,C,ECC,8.875578880310059
DJI_08380251,C,ECC,10.040526390075684
DJI_08380251,C,ECC,11.597467422485352
DJI_08380251,C,ECC,9.199239730834961
DJI_08380251,C,ECC,4.805070400238037
DJI_08380251,C,ECC,10.603607177734375
DJI_08380251,C,MI,4.211715221405029
DJI_08380251,C,MI,5.412526607513428
DJI_08380251,C,MI,11.547951698303223
DJI_08380251,C,MI,4.617845058441162
DJI_08380251,C,MI,3.0549283027648926
DJI_08380251,C,MI,3.319061756134033
DJI_08380251,C,MI,4.805122375488281
DJI_08380251,C,MI,2.8494808673858643
DJI_08380251,C,MI,1.6181716918945312
DJI_08380251,C,MI,6.406486511230469
DJI_08380251,C,LoFTR,2.1444594860076904
DJI_08380251,C,LoFTR,2.1933934688568115
DJI_08380251,C,LoFTR,10.221363067626953
DJI_08380251,C,LoFTR,4.623373985290527
DJI_08380251,C,LoFTR,3.7159993648529053
DJI_08380251,C,LoFTR,3.8509085178375244
DJI_08380251,C,LoFTR,5.186007499694824
DJI_08380251,C,LoFTR,3.087474822998047
DJI_08380251,C,LoFTR,1.2861534357070923
DJI_08380251,C,LoFTR,7.207700729370117
DJI_08380251,C,ECC+MI,7.909658432006836
DJI_08380251,C,ECC+MI,8.59956169128418
DJI_08380251,C,ECC+MI,15.603250503540039
DJI_08380251,C,ECC+MI,0.7025235891342163
DJI_08380251,C,ECC+MI,1.2452900409698486
DJI_08380251,C,ECC+MI,1.1966888904571533
DJI_08380251,C,ECC+MI,1.7767125368118286
DJI_08380251,C,ECC+MI,1.0720677375793457
DJI_08380251,C,ECC+MI,5.7764892578125
DJI_08380251,C,ECC+MI,3.0784952640533447
DJI_08380339,C,ECC,21.73457908630371
DJI_08380339,C,ECC,63.2318000793457
DJI_08380339,C,ECC,13.904976844787598
DJI_08380339,C,ECC,22.832902908325195
DJI_08380339,C,ECC,18.12144660949707
DJI_08380339,C,ECC,25.81153106689453
DJI_08380339,C,ECC,18.26832389831543
DJI_08380339,C,ECC,57.028663635253906
DJI_08380339,C,ECC,20.62840461730957
DJI_08380339,C,ECC,19.045513153076172
DJI_08380339,C,MI,5.226057052612305
DJI_08380339,C,MI,5.397218227386475
DJI_08380339,C,MI,4.915524005889893
DJI_08380339,C,MI,4.384870529174805
DJI_08380339,C,MI,5.9347004890441895
DJI_08380339,C,MI,6.384568691253662
DJI_08380339,C,MI,6.721261024475098
DJI_08380339,C,MI,5.9416937828063965
DJI_08380339,C,MI,4.965320110321045
DJI_08380339,C,MI,5.4419331550598145
DJI_08380339,C,LoFTR,0.241197407245636
DJI_08380339,C,LoFTR,0.8974117040634155
DJI_08380339,C,LoFTR,2.4201245307922363
DJI_08380339,C,LoFTR,0.7316794991493225
DJI_08380339,C,LoFTR,1.2098073959350586
DJI_08380339,C,LoFTR,1.7831647396087646
DJI_08380339,C,LoFTR,2.017759084701538
DJI_08380339,C,LoFTR,0.7514352798461914
DJI_08380339,C,LoFTR,0.5743058919906616
DJI_08380339,C,LoFTR,1.0677939653396606
DJI_08380339,C,ECC+MI,13.796333312988281
DJI_08380339,C,ECC+MI,58.12042236328125
DJI_08380339,C,ECC+MI,8.639793395996094
DJI_08380339,C,ECC+MI,15.165237426757812
DJI_08380339,C,ECC+MI,9.941850662231445
DJI_08380339,C,ECC+MI,18.055648803710938
DJI_08380339,C,ECC+MI,10.199411392211914
DJI_08380339,C,ECC+MI,51.15606689453125
DJI_08380339,C,ECC+MI,12.636905670166016
DJI_08380339,C,ECC+MI,10.851507186889648
DJI_08380426,C,ECC,21.480281829833984
DJI_08380426,C,ECC,21.210954666137695
DJI_08380426,C,ECC,17.79151725769043
DJI_08380426,C,ECC,15.248605728149414
DJI_08380426,C,ECC,21.792333602905273
DJI_08380426,C,ECC,15.433001518249512
DJI_08380426,C,ECC,16.495132446289062
DJI_08380426,C,ECC,3.686131238937378
DJI_08380426,C,ECC,8.296894073486328
DJI_08380426,C,ECC,23.188377380371094
DJI_08380426,C,MI,5.834578037261963
DJI_08380426,C,MI,6.255346298217773
DJI_08380426,C,MI,6.4830756187438965
DJI_08380426,C,MI,6.44788932800293
DJI_08380426,C,MI,5.391188144683838
DJI_08380426,C,MI,6.487103462219238
DJI_08380426,C,MI,5.9990386962890625
DJI_08380426,C,MI,4.28607177734375
DJI_08380426,C,MI,5.966312408447266
DJI_08380426,C,MI,5.712573051452637
DJI_08380426,C,LoFTR,0.31555747985839844
DJI_08380426,C,LoFTR,1.2828717231750488
DJI_08380426,C,LoFTR,1.0760923624038696
DJI_08380426,C,LoFTR,3.9240148067474365
DJI_08380426,C,LoFTR,0.6537709832191467
DJI_08380426,C,LoFTR,3.6469037532806396
DJI_08380426,C,LoFTR,0.9531742930412292
DJI_08380426,C,LoFTR,0.44540444016456604
DJI_08380426,C,LoFTR,2.4879541397094727
DJI_08380426,C,LoFTR,0.8331422805786133
DJI_08380426,C,ECC+MI,31.579803466796875
DJI_08380426,C,ECC+MI,31.160110473632812
DJI_08380426,C,ECC+MI,28.047290802001953
DJI_08380426,C,ECC+MI,20.502212524414062
DJI_08380426,C,ECC+MI,31.74753189086914
DJI_08380426,C,ECC+MI,21.079219818115234
DJI_08380426,C,ECC+MI,26.648679733276367
DJI_08380426,C,ECC+MI,10.708658218383789
DJI_08380426,C,ECC+MI,6.252269268035889
DJI_08380426,C,ECC+MI,33.157718658447266
DJI_08380613,C,ECC,4.0894951820373535
DJI_08380613,C,ECC,7.291741371154785
DJI_08380613,C,ECC,3.2514052391052246
DJI_08380613,C,ECC,10.137118339538574
DJI_08380613,C,ECC,11.683874130249023
DJI_08380613,C,ECC,4.87375545501709
DJI_08380613,C,ECC,3.2113444805145264
DJI_08380613,C,ECC,36.00579833984375
DJI_08380613,C,ECC,6.485072612762451
DJI_08380613,C,ECC,7.998389720916748
DJI_08380613,C,MI,2.068889856338501
DJI_08380613,C,MI,2.022559404373169
DJI_08380613,C,MI,8.632829666137695
DJI_08380613,C,MI,9.043473243713379
DJI_08380613,C,MI,5.7404327392578125
DJI_08380613,C,MI,2.509176015853882
DJI_08380613,C,MI,3.545841932296753
DJI_08380613,C,MI,31.064605712890625
DJI_08380613,C,MI,0.9834243655204773
DJI_08380613,C,MI,7.572168350219727
DJI_08380613,C,LoFTR,0.26079151034355164
DJI_08380613,C,LoFTR,3.576019763946533
DJI_08380613,C,LoFTR,6.7323174476623535
DJI_08380613,C,LoFTR,7.296638488769531
DJI_08380613,C,LoFTR,6.347461700439453
DJI_08380613,C,LoFTR,0.861304759979248
DJI_08380613,C,LoFTR,1.5330089330673218
DJI_08380613,C,LoFTR,32.86090087890625
DJI_08380613,C,LoFTR,2.5202999114990234
DJI_08380613,C,LoFTR,8.228002548217773
DJI_08380613,C,ECC+MI,2.2163634300231934
DJI_08380613,C,ECC+MI,3.493269920349121
DJI_08380613,C,ECC+MI,9.079666137695312
DJI_08380613,C,ECC+MI,7.859042167663574
DJI_08380613,C,ECC+MI,5.468304634094238
DJI_08380613,C,ECC+MI,1.6223758459091187
DJI_08380613,C,ECC+MI,3.183225154876709
DJI_08380613,C,ECC+MI,30.6431941986084
DJI_08380613,C,ECC+MI,2.5729711055755615
DJI_08380613,C,ECC+MI,10.209625244140625
DJI_08380647,C,ECC,5.092975616455078
DJI_08380647,C,ECC,4.24683141708374
DJI_08380647,C,ECC,3.2520089149475098
DJI_08380647,C,ECC,3.4666683673858643
DJI_08380647,C,ECC,3.9131431579589844
DJI_08380647,C,ECC,4.025135517120361
DJI_08380647,C,ECC,3.129697322845459
DJI_08380647,C,ECC,4.387263774871826
DJI_08380647,C,ECC,5.153955459594727
DJI_08380647,C,ECC,5.542361736297607
DJI_08380647,C,MI,1.1751421689987183
DJI_08380647,C,MI,2.2194128036499023
DJI_08380647,C,MI,2.2540881633758545
DJI_08380647,C,MI,3.0197815895080566
DJI_08380647,C,MI,2.5706522464752197
DJI_08380647,C,MI,2.123584032058716
DJI_08380647,C,MI,2.2133002281188965
DJI_08380647,C,MI,3.435070276260376
DJI_08380647,C,MI,1.9143351316452026
DJI_08380647,C,MI,1.0097230672836304
DJI_08380647,C,LoFTR,0.7850951552391052
DJI_08380647,C,LoFTR,0.8118816614151001
DJI_08380647,C,LoFTR,1.29156494140625
DJI_08380647,C,LoFTR,3.078315258026123
DJI_08380647,C,LoFTR,1.4815428256988525
DJI_08380647,C,LoFTR,0.39276695251464844
DJI_08380647,C,LoFTR,2.420344591140747
DJI_08380647,C,LoFTR,1.7087794542312622
DJI_08380647,C,LoFTR,0.7190936803817749
DJI_08380647,C,LoFTR,1.20722496509552
DJI_08380647,C,ECC+MI,4.965219974517822
DJI_08380647,C,ECC+MI,7.011650562286377
DJI_08380647,C,ECC+MI,6.540228366851807
DJI_08380647,C,ECC+MI,5.869057655334473
DJI_08380647,C,ECC+MI,7.415285110473633
DJI_08380647,C,ECC+MI,5.81662654876709
DJI_08380647,C,ECC+MI,6.489144802093506
DJI_08380647,C,ECC+MI,7.44480562210083
DJI_08380647,C,ECC+MI,5.67151403427124
DJI_08380647,C,ECC+MI,4.407021999359131
DJI_08380711,C,ECC,0.6538273692131042
DJI_08380711,C,ECC,1.4521567821502686
DJI_08380711,C,ECC,1.7471908330917358
DJI_08380711,C,ECC,1.4046975374221802
DJI_08380711,C,ECC,1.5629321336746216
DJI_08380711,C,ECC,1.3441047668457031
DJI_08380711,C,ECC,2.747641086578369
DJI_08380711,C,ECC,2.6529741287231445
DJI_08380711,C,ECC,1.1169803142547607
DJI_08380711,C,ECC,2.8939690589904785
DJI_08380711,C,MI,2.11610746383667
DJI_08380711,C,MI,2.738227367401123
DJI_08380711,C,MI,1.9827659130096436
DJI_08380711,C,MI,2.1127870082855225
DJI_08380711,C,MI,1.4139903783798218
DJI_08380711,C,MI,2.7185966968536377
DJI_08380711,C,MI,2.9258391857147217
DJI_08380711,C,MI,3.749758243560791
DJI_08380711,C,MI,1.7837789058685303
DJI_08380711,C,MI,2.8178834915161133
DJI_08380711,C,LoFTR,0.35138192772865295
DJI_08380711,C,LoFTR,0.9459904432296753
DJI_08380711,C,LoFTR,0.43586933612823486
DJI_08380711,C,LoFTR,0.21859334409236908
DJI_08380711,C,LoFTR,0.6203711628913879
DJI_08380711,C,LoFTR,0.7282429933547974
DJI_08380711,C,LoFTR,1.4701402187347412
DJI_08380711,C,LoFTR,1.9870662689208984
DJI_08380711,C,LoFTR,0.4546906054019928
DJI_08380711,C,LoFTR,1.0834391117095947
DJI_08380711,C,ECC+MI,2.8062121868133545
DJI_08380711,C,ECC+MI,4.729017734527588
DJI_08380711,C,ECC+MI,4.618300914764404
DJI_08380711,C,ECC+MI,4.283756256103516
DJI_08380711,C,ECC+MI,3.859442949295044
DJI_08380711,C,ECC+MI,4.561575889587402
DJI_08380711,C,ECC+MI,5.544314861297607
DJI_08380711,C,ECC+MI,5.824918746948242
DJI_08380711,C,ECC+MI,2.7165305614471436
DJI_08380711,C,ECC+MI,5.782984256744385
DJI_08380811,C,ECC,38.075653076171875
DJI_08380811,C,ECC,23.525074005126953
DJI_08380811,C,ECC,40.19846725463867
DJI_08380811,C,ECC,21.520404815673828
DJI_08380811,C,ECC,25.776641845703125
DJI_08380811,C,ECC,10.487217903137207
DJI_08380811,C,ECC,29.253501892089844
DJI_08380811,C,ECC,34.8718376159668
DJI_08380811,C,ECC,22.453399658203125
DJI_08380811,C,ECC,25.293790817260742
DJI_08380811,C,MI,0.6055941581726074
DJI_08380811,C,MI,6.9606170654296875
DJI_08380811,C,MI,1.1100053787231445
DJI_08380811,C,MI,7.141080379486084
DJI_08380811,C,MI,7.557220458984375
DJI_08380811,C,MI,2.4927709102630615
DJI_08380811,C,MI,0.27965137362480164
DJI_08380811,C,MI,2.489797592163086
DJI_08380811,C,MI,8.306795120239258
DJI_08380811,C,MI,5.861332416534424
DJI_08380811,C,LoFTR,0.7647938132286072
DJI_08380811,C,LoFTR,7.290156364440918
DJI_08380811,C,LoFTR,0.16651950776576996
DJI_08380811,C,LoFTR,7.6094889640808105
DJI_08380811,C,LoFTR,7.698453426361084
DJI_08380811,C,LoFTR,1.3272532224655151
DJI_08380811,C,LoFTR,1.456579566001892
DJI_08380811,C,LoFTR,1.3761311769485474
DJI_08380811,C,LoFTR,8.343405723571777
DJI_08380811,C,LoFTR,6.440764904022217
DJI_08380811,C,ECC+MI,7.421838760375977
DJI_08380811,C,ECC+MI,56.1860237121582
DJI_08380811,C,ECC+MI,9.3522310256958
DJI_08380811,C,ECC+MI,54.26618576049805
DJI_08380811,C,ECC+MI,58.37410354614258
DJI_08380811,C,ECC+MI,40.487205505371094
DJI_08380811,C,ECC+MI,62.25147247314453
DJI_08380811,C,ECC+MI,7.4477219581604
DJI_08380811,C,ECC+MI,54.73357391357422
DJI_08380811,C,ECC+MI,58.17133331298828
YU2AIR0042,D,ECC,183.28419494628906
YU2AIR0042,D,ECC,143.4681854248047
YU2AIR0042,D,ECC,6.8677802085876465
YU2AIR0042,D,ECC,6.999541759490967
YU2AIR0042,D,ECC,18.686460494995117
YU2AIR0042,D,ECC,119.22696685791016
YU2AIR0042,D,ECC,408.8165588378906
YU2AIR0042,D,ECC,101.1353988647461
YU2AIR0042,D,ECC,83.13312530517578
YU2AIR0042,D,ECC,233.32228088378906
YU2AIR0042,D,MI,191.98939514160156
YU2AIR0042,D,MI,143.6973419189453
YU2AIR0042,D,MI,6.260284423828125
YU2AIR0042,D,MI,4.896468639373779
YU2AIR0042,D,MI,9.93667221069336
YU2AIR0042,D,MI,110.3368148803711
YU2AIR0042,D,MI,401.78411865234375
YU2AIR0042,D,MI,110.07879638671875
YU2AIR0042,D,MI,86.27580261230469
YU2AIR0042,D,MI,225.7743377685547
YU2AIR0042,D,LoFTR,197.14830017089844
YU2AIR0042,D,LoFTR,147.52146911621094
YU2AIR0042,D,LoFTR,1.1653714179992676
YU2AIR0042,D,LoFTR,0.5210623741149902
YU2AIR0042,D,LoFTR,0.4299764931201935
YU2AIR0042,D,LoFTR,101.22906494140625
YU2AIR0042,D,LoFTR,391.1860656738281
YU2AIR0042,D,LoFTR,127.18175506591797
YU2AIR0042,D,LoFTR,84.85538482666016
YU2AIR0042,D,LoFTR,221.70352172851562
YU2AIR0042,D,ECC+MI,191.98939514160156
YU2AIR0042,D,ECC+MI,143.6973419189453
YU2AIR0042,D,ECC+MI,6.260284423828125
YU2AIR0042,D,ECC+MI,4.896468639373779
YU2AIR0042,D,ECC+MI,9.93667221069336
YU2AIR0042,D,ECC+MI,110.3368148803711
YU2AIR0042,D,ECC+MI,401.78411865234375
YU2AIR0042,D,ECC+MI,110.07879638671875
YU2AIR0042,D,ECC+MI,86.27580261230469
YU2AIR0042,D,ECC+MI,225.7743377685547
YU2AIR0075,D,ECC,0.9838309288024902
YU2AIR0075,D,ECC,0.4878641963005066
YU2AIR0075,D,ECC,22.923770904541016
YU2AIR0075,D,ECC,10.945355415344238
YU2AIR0075,D,ECC,3.214632034301758
YU2AIR0075,D,ECC,0.9567759037017822
YU2AIR0075,D,ECC,0.7062234878540039
YU2AIR0075,D,ECC,7.583498001098633
YU2AIR0075,D,ECC,8.223397254943848
YU2AIR0075,D,ECC,0.4409180283546448
YU2AIR0075,D,MI,6.781839847564697
YU2AIR0075,D,MI,7.37486457824707
YU2AIR0075,D,MI,24.971113204956055
YU2AIR0075,D,MI,10.746725082397461
YU2AIR0075,D,MI,5.172097206115723
YU2AIR0075,D,MI,6.919847011566162
YU2AIR0075,D,MI,7.424650192260742
YU2AIR0075,D,MI,8.152631759643555
YU2AIR0075,D,MI,4.4123334884643555
YU2AIR0075,D,MI,7.607022285461426
YU2AIR0075,D,LoFTR,0.6539644002914429
YU2AIR0075,D,LoFTR,0.9541313052177429
YU2AIR0075,D,LoFTR,20.465314865112305
YU2AIR0075,D,LoFTR,8.462519645690918
YU2AIR0075,D,LoFTR,2.8518409729003906
YU2AIR0075,D,LoFTR,1.3451979160308838
YU2AIR0075,D,LoFTR,1.2237225770950317
YU2AIR0075,D,LoFTR,13.093024253845215
YU2AIR0075,D,LoFTR,5.427669525146484
YU2AIR0075,D,LoFTR,1.409555435180664
YU2AIR0075,D,ECC+MI,6.781839847564697
YU2AIR0075,D,ECC+MI,7.37486457824707
YU2AIR0075,D,ECC+MI,24.971113204956055
YU2AIR0075,D,ECC+MI,10.746725082397461
YU2AIR0075,D,ECC+MI,5.172097206115723
YU2AIR0075,D,ECC+MI,6.919847011566162
YU2AIR0075,D,ECC+MI,7.424650192260742
YU2AIR0075,D,ECC+MI,8.152631759643555
YU2AIR0075,D,ECC+MI,4.4123334884643555
YU2AIR0075,D,ECC+MI,7.607022285461426
YU2AIR0145,D,ECC,68.20941925048828
YU2AIR0145,D,ECC,12.518436431884766
YU2AIR0145,D,ECC,322.69140625
YU2AIR0145,D,ECC,87.4345703125
YU2AIR0145,D,ECC,184.22930908203125
YU2AIR0145,D,ECC,379.7074279785156
YU2AIR0145,D,ECC,227.9811553955078
YU2AIR0145,D,ECC,200.726806640625
YU2AIR0145,D,ECC,69.23863983154297
YU2AIR0145,D,ECC,18.604961395263672
YU2AIR0145,D,MI,55.51343536376953
YU2AIR0145,D,MI,8.876534461975098
YU2AIR0145,D,MI,336.2204895019531
YU2AIR0145,D,MI,80.2746810913086
YU2AIR0145,D,MI,195.49356079101562
YU2AIR0145,D,MI,393.7201843261719
YU2AIR0145,D,MI,239.38577270507812
YU2AIR0145,D,MI,190.2377166748047
YU2AIR0145,D,MI,56.472450256347656
YU2AIR0145,D,MI,5.438538074493408
YU2AIR0145,D,LoFTR,0.5991848707199097
YU2AIR0145,D,LoFTR,1.8016527891159058
YU2AIR0145,D,LoFTR,319.75457763671875
YU2AIR0145,D,LoFTR,58.974464416503906
YU2AIR0145,D,LoFTR,172.8005828857422
YU2AIR0145,D,LoFTR,344.20794677734375
YU2AIR0145,D,LoFTR,274.8721923828125
YU2AIR0145,D,LoFTR,194.4763641357422
YU2AIR0145,D,LoFTR,0.4377800226211548
YU2AIR0145,D,LoFTR,61.78260803222656
YU2AIR0145,D,ECC+MI,55.51343536376953
YU2AIR0145,D,ECC+MI,8.876534461975098
YU2AIR0145,D,ECC+MI,336.2204895019531
YU2AIR0145,D,ECC+MI,80.2746810913086
YU2AIR0145,D,ECC+MI,195.49356079101562
YU2AIR0145,D,ECC+MI,393.7201843261719
YU2AIR0145,D,ECC+MI,239.38577270507812
YU2AIR0145,D,ECC+MI,190.2377166748047
YU2AIR0145,D,ECC+MI,56.472450256347656
YU2AIR0145,D,ECC+MI,5.438538074493408
YU2G0035,D,ECC,1.857856273651123
YU2G0035,D,ECC,2.3313307762145996
YU2G0035,D,ECC,2.0841920375823975
YU2G0035,D,ECC,1.3135696649551392
YU2G0035,D,ECC,1.8820171356201172
YU2G0035,D,ECC,1.3172329664230347
YU2G0035,D,ECC,2.074824333190918
YU2G0035,D,ECC,2.723950147628784
YU2G0035,D,ECC,1.837223768234253
YU2G0035,D,ECC,2.1338822841644287
YU2G0035,D,MI,3.0909039974212646
YU2G0035,D,MI,3.305058002471924
YU2G0035,D,MI,3.3130385875701904
YU2G0035,D,MI,2.3897147178649902
YU2G0035,D,MI,3.1464529037475586
YU2G0035,D,MI,2.5913870334625244
YU2G0035,D,MI,3.2305967807769775
YU2G0035,D,MI,3.7630295753479004
YU2G0035,D,MI,2.816995143890381
YU2G0035,D,MI,3.3099045753479004
YU2G0035,D,LoFTR,0.7089653611183167
YU2G0035,D,LoFTR,1.2577109336853027
YU2G0035,D,LoFTR,0.9145259857177734
YU2G0035,D,LoFTR,0.3566600978374481
YU2G0035,D,LoFTR,0.7955820560455322
YU2G0035,D,LoFTR,0.46793463826179504
YU2G0035,D,LoFTR,1.1563689708709717
YU2G0035,D,LoFTR,1.5039149522781372
YU2G0035,D,LoFTR,1.0996633768081665
YU2G0035,D,LoFTR,1.3410907983779907
YU2G0035,D,ECC+MI,4.420332431793213
YU2G0035,D,ECC+MI,4.702182292938232
YU2G0035,D,ECC+MI,4.644644737243652
YU2G0035,D,ECC+MI,3.8108978271484375
YU2G0035,D,ECC+MI,4.444172382354736
YU2G0035,D,ECC+MI,3.886819839477539
YU2G0035,D,ECC+MI,4.577298164367676
YU2G0035,D,ECC+MI,5.190514087677002
YU2G0035,D,ECC+MI,4.16409158706665
YU2G0035,D,ECC+MI,4.602208137512207
YU2G0087,D,ECC,2.8373050689697266
YU2G0087,D,ECC,4.353196620941162
YU2G0087,D,ECC,3.5301413536071777
YU2G0087,D,ECC,2.4829599857330322
YU2G0087,D,ECC,4.100362777709961
YU2G0087,D,ECC,3.439594030380249
YU2G0087,D,ECC,4.346468925476074
YU2G0087,D,ECC,2.739301919937134
YU2G0087,D,ECC,4.315830230712891
YU2G0087,D,ECC,11.52536392211914
YU2G0087,D,MI,6.45488977432251
YU2G0087,D,MI,7.961131572723389
YU2G0087,D,MI,7.383855819702148
YU2G0087,D,MI,4.140985012054443
YU2G0087,D,MI,7.803676128387451
YU2G0087,D,MI,7.697126865386963
YU2G0087,D,MI,7.946767330169678
YU2G0087,D,MI,5.913369655609131
YU2G0087,D,MI,7.725248336791992
YU2G0087,D,MI,12.152983665466309
YU2G0087,D,LoFTR,0.5035373568534851
YU2G0087,D,LoFTR,1.40268874168396
YU2G0087,D,LoFTR,1.3846161365509033
YU2G0087,D,LoFTR,2.5508511066436768
YU2G0087,D,LoFTR,4.94258975982666
YU2G0087,D,LoFTR,2.880154848098755
YU2G0087,D,LoFTR,1.6997227668762207
YU2G0087,D,LoFTR,0.49177268147468567
YU2G0087,D,LoFTR,0.7394272089004517
YU2G0087,D,LoFTR,14.586225509643555
YU2G0087,D,ECC+MI,12.837200164794922
YU2G0087,D,ECC+MI,14.275300979614258
YU2G0087,D,ECC+MI,13.536225318908691
YU2G0087,D,ECC+MI,11.225288391113281
YU2G0087,D,ECC+MI,13.257655143737793
YU2G0087,D,ECC+MI,10.4945068359375
YU2G0087,D,ECC+MI,14.155487060546875
YU2G0087,D,ECC+MI,12.411282539367676
YU2G0087,D,ECC+MI,14.095149993896484
YU2G0087,D,ECC+MI,11.680379867553711
YU2G0312,D,ECC,4.7819318771362305
YU2G0312,D,ECC,1.7768625020980835
YU2G0312,D,ECC,1.0649917125701904
YU2G0312,D,ECC,3.6289374828338623
YU2G0312,D,ECC,73.77738952636719
YU2G0312,D,ECC,159.32760620117188
YU2G0312,D,ECC,2.250131607055664
YU2G0312,D,ECC,4.520005226135254
YU2G0312,D,ECC,2.302034854888916
YU2G0312,D,ECC,1.7614388465881348
YU2G0312,D,MI,3.0863609313964844
YU2G0312,D,MI,1.9408506155014038
YU2G0312,D,MI,3.000511646270752
YU2G0312,D,MI,3.235377311706543
YU2G0312,D,MI,70.6099853515625
YU2G0312,D,MI,155.801513671875
YU2G0312,D,MI,3.0367965698242188
YU2G0312,D,MI,3.2976293563842773
YU2G0312,D,MI,1.0682684183120728
YU2G0312,D,MI,1.5860390663146973
YU2G0312,D,LoFTR,0.8363320231437683
YU2G0312,D,LoFTR,0.8472838401794434
YU2G0312,D,LoFTR,1.51793372631073
YU2G0312,D,LoFTR,1.386753797531128
YU2G0312,D,LoFTR,67.42308044433594
YU2G0312,D,LoFTR,151.17373657226562
YU2G0312,D,LoFTR,0.7557963132858276
YU2G0312,D,LoFTR,0.8771951794624329
YU2G0312,D,LoFTR,0.5250833630561829
YU2G0312,D,LoFTR,0.15193742513656616
YU2G0312,D,ECC+MI,3.9930338859558105
YU2G0312,D,ECC+MI,7.314817428588867
YU2G0312,D,ECC+MI,7.355080604553223
YU2G0312,D,ECC+MI,9.860358238220215
YU2G0312,D,ECC+MI,80.40889739990234
YU2G0312,D,ECC+MI,165.91110229492188
YU2G0312,D,ECC+MI,8.794108390808105
YU2G0312,D,ECC+MI,4.479449272155762
YU2G0312,D,ECC+MI,6.184684753417969
YU2G0312,D,ECC+MI,6.504028797149658
YU2G0373,D,ECC,28.14461898803711
YU2G0373,D,ECC,19.86473274230957
YU2G0373,D,ECC,42.83363723754883
YU2G0373,D,ECC,26.088829040527344
YU2G0373,D,ECC,31.215009689331055
YU2G0373,D,ECC,27.216657638549805
YU2G0373,D,ECC,24.364181518554688
YU2G0373,D,ECC,20.444866180419922
YU2G0373,D,ECC,15.016204833984375
YU2G0373,D,ECC,48.72636795043945
YU2G0373,D,MI,0.2790628969669342
YU2G0373,D,MI,2.1282906532287598
YU2G0373,D,MI,1.6517333984375
YU2G0373,D,MI,0.8056066036224365
YU2G0373,D,MI,1.2008777856826782
YU2G0373,D,MI,0.37983760237693787
YU2G0373,D,MI,3.801673650741577
YU2G0373,D,MI,1.700792670249939
YU2G0373,D,MI,9.057107925415039
YU2G0373,D,MI,3.217491626739502
YU2G0373,D,LoFTR,0.9009281992912292
YU2G0373,D,LoFTR,0.5712108016014099
YU2G0373,D,LoFTR,2.3142075538635254
YU2G0373,D,LoFTR,1.4192309379577637
YU2G0373,D,LoFTR,0.4134668707847595
YU2G0373,D,LoFTR,1.168305516242981
YU2G0373,D,LoFTR,0.5129578709602356
YU2G0373,D,LoFTR,0.894041895866394
YU2G0373,D,LoFTR,4.037631034851074
YU2G0373,D,LoFTR,5.737826824188232
YU2G0373,D,ECC+MI,22.77018928527832
YU2G0373,D,ECC+MI,14.03597354888916
YU2G0373,D,ECC+MI,37.61369705200195
YU2G0373,D,ECC+MI,20.677827835083008
YU2G0373,D,ECC+MI,25.941429138183594
YU2G0373,D,ECC+MI,21.865468978881836
YU2G0373,D,ECC+MI,18.729969024658203
YU2G0373,D,ECC+MI,14.70278549194336
YU2G0373,D,ECC+MI,9.853922843933105
YU2G0373,D,ECC+MI,43.3397216796875
YU2G0378,D,ECC,78.26836395263672
YU2G0378,D,ECC,59.48453140258789
YU2G0378,D,ECC,86.7818603515625
YU2G0378,D,ECC,77.28575134277344
YU2G0378,D,ECC,78.99588775634766
YU2G0378,D,ECC,87.1712646484375
YU2G0378,D,ECC,59.50988006591797
YU2G0378,D,ECC,77.6402359008789
YU2G0378,D,ECC,69.34059143066406
YU2G0378,D,ECC,84.72034454345703
YU2G0378,D,MI,8.531270980834961
YU2G0378,D,MI,6.4823408126831055
YU2G0378,D,MI,6.611278057098389
YU2G0378,D,MI,2.2568726539611816
YU2G0378,D,MI,8.39271354675293
YU2G0378,D,MI,6.385834217071533
YU2G0378,D,MI,6.539240837097168
YU2G0378,D,MI,0.8819525241851807
YU2G0378,D,MI,7.554349422454834
YU2G0378,D,MI,8.096129417419434
YU2G0378,D,LoFTR,0.6817967295646667
YU2G0378,D,LoFTR,0.5529233813285828
YU2G0378,D,LoFTR,1.044106364250183
YU2G0378,D,LoFTR,3.7615973949432373
YU2G0378,D,LoFTR,1.2656570672988892
YU2G0378,D,LoFTR,1.4173637628555298
YU2G0378,D,LoFTR,0.7904170155525208
YU2G0378,D,LoFTR,4.933197498321533
YU2G0378,D,LoFTR,0.6068117618560791
YU2G0378,D,LoFTR,1.0794228315353394
YU2G0378,D,ECC+MI,75.70875549316406
YU2G0378,D,ECC+MI,56.85478973388672
YU2G0378,D,ECC+MI,84.03343963623047
YU2G0378,D,ECC+MI,73.92302703857422
YU2G0378,D,ECC+MI,76.37911987304688
YU2G0378,D,ECC+MI,84.5215835571289
YU2G0378,D,ECC+MI,56.952476501464844
YU2G0378,D,ECC+MI,74.30200958251953
YU2G0378,D,ECC+MI,66.5208969116211
YU2G0378,D,ECC+MI,81.84639739990234
YU2G0388,D,ECC,48.076934814453125
YU2G0388,D,ECC,47.7803955078125
YU2G0388,D,ECC,169.1167449951172
YU2G0388,D,ECC,48.273651123046875
YU2G0388,D,ECC,47.97843551635742
YU2G0388,D,ECC,74.90548706054688
YU2G0388,D,ECC,172.84213256835938
YU2G0388,D,ECC,90.0052261352539
YU2G0388,D,ECC,213.95138549804688
YU2G0388,D,ECC,116.2952880859375
YU2G0388,D,MI,46.12297439575195
YU2G0388,D,MI,45.84239196777344
YU2G0388,D,MI,167.10403442382812
YU2G0388,D,MI,46.31796646118164
YU2G0388,D,MI,46.02338409423828
YU2G0388,D,MI,73.5655746459961
YU2G0388,D,MI,170.38999938964844
YU2G0388,D,MI,87.60347747802734
YU2G0388,D,MI,211.0301971435547
YU2G0388,D,MI,119.16869354248047
YU2G0388,D,LoFTR,1.6342984437942505
YU2G0388,D,LoFTR,1.5406203269958496
YU2G0388,D,LoFTR,81.11517333984375
YU2G0388,D,LoFTR,1.335731863975525
YU2G0388,D,LoFTR,2.0462374687194824
YU2G0388,D,LoFTR,132.00802612304688
YU2G0388,D,LoFTR,1.8571721315383911
YU2G0388,D,LoFTR,121.45935821533203
YU2G0388,D,LoFTR,124.85604858398438
YU2G0388,D,LoFTR,212.32415771484375
YU2G0388,D,ECC+MI,46.12297439575195
YU2G0388,D,ECC+MI,45.84239196777344
YU2G0388,D,ECC+MI,167.10403442382812
YU2G0388,D,ECC+MI,46.31796646118164
YU2G0388,D,ECC+MI,46.02338409423828
YU2G0388,D,ECC+MI,73.5655746459961
YU2G0388,D,ECC+MI,170.38999938964844
YU2G0388,D,ECC+MI,87.60347747802734
YU2G0388,D,ECC+MI,211.0301971435547
YU2G0388,D,ECC+MI,119.16869354248047
YU2G0422,D,ECC,2.9619855880737305
YU2G0422,D,ECC,18.650707244873047
YU2G0422,D,ECC,46.10186004638672
YU2G0422,D,ECC,8.702971458435059
YU2G0422,D,ECC,17.612878799438477
YU2G0422,D,ECC,264.9048767089844
YU2G0422,D,ECC,18.701889038085938
YU2G0422,D,ECC,49.10059356689453
YU2G0422,D,ECC,46.000518798828125
YU2G0422,D,ECC,24.422405242919922
YU2G0422,D,MI,3.2216243743896484
YU2G0422,D,MI,10.967032432556152
YU2G0422,D,MI,34.309547424316406
YU2G0422,D,MI,4.5887370109558105
YU2G0422,D,MI,9.861370086669922
YU2G0422,D,MI,304.889892578125
YU2G0422,D,MI,11.60566234588623
YU2G0422,D,MI,34.91106414794922
YU2G0422,D,MI,31.27927589416504
YU2G0422,D,MI,9.176009178161621
YU2G0422,D,LoFTR,23.89670753479004
YU2G0422,D,LoFTR,38.945228576660156
YU2G0422,D,LoFTR,1.7122865915298462
YU2G0422,D,LoFTR,29.39569664001465
YU2G0422,D,LoFTR,1.0047607421875
YU2G0422,D,LoFTR,228.41941833496094
YU2G0422,D,LoFTR,1.2633605003356934
YU2G0422,D,LoFTR,1.4861663579940796
YU2G0422,D,LoFTR,84.67675018310547
YU2G0422,D,LoFTR,28.8443603515625
YU2G0422,D,ECC+MI,34.85618591308594
YU2G0422,D,ECC+MI,51.60700607299805
YU2G0422,D,ECC+MI,74.34822845458984
YU2G0422,D,ECC+MI,31.770954132080078
YU2G0422,D,ECC+MI,49.022945404052734
YU2G0422,D,ECC+MI,295.0293884277344
YU2G0422,D,ECC+MI,49.74179458618164
YU2G0422,D,ECC+MI,75.25257873535156
YU2G0422,D,ECC+MI,21.88170051574707
YU2G0422,D,ECC+MI,55.067569732666016
